Date,Close,Regimes,,
1/3/2000,1455.219971,,,
1/4/2000,1399.420044,,,
1/5/2000,1402.109985,,,
1/6/2000,1403.449951,,,
1/7/2000,1441.469971,,,
1/10/2000,1457.599976,,,
1/11/2000,1438.560059,,,
1/12/2000,1432.25,,,
1/13/2000,1449.680054,,,
1/14/2000,1465.150024,,,
1/18/2000,1455.140015,,,
1/19/2000,1455.900024,,,
1/20/2000,1445.569946,,,
1/21/2000,1441.359985,,,
1/24/2000,1401.530029,0,,
1/25/2000,1410.030029,-1,,
1/26/2000,1404.089966,-1,,
1/27/2000,1398.560059,-1,,
1/28/2000,1360.160034,-1,,
1/31/2000,1394.459961,-1,,
2/1/2000,1409.280029,-1,,
2/2/2000,1409.119995,-1,,
2/3/2000,1424.969971,-1,,
2/4/2000,1424.369995,-1,,
2/7/2000,1424.23999,-1,,
2/8/2000,1441.719971,-1,,
2/9/2000,1411.709961,-1,,
2/10/2000,1416.829956,-1,,
2/11/2000,1387.119995,-1,,
2/14/2000,1389.939941,-1,,
2/15/2000,1402.050049,-1,,
2/16/2000,1387.670044,-1,,
2/17/2000,1388.26001,-1,,
2/18/2000,1346.089966,-1,,
2/22/2000,1352.170044,-1,,
2/23/2000,1360.689941,-1,,
2/24/2000,1353.430054,-1,,
2/25/2000,1333.359985,-1,,
2/28/2000,1348.050049,-1,,
2/29/2000,1366.420044,-1,,
3/1/2000,1379.189941,-1,,
3/2/2000,1381.76001,-1,,
3/3/2000,1409.170044,-1,,
3/6/2000,1391.280029,-1,,
3/7/2000,1355.619995,-1,,
3/8/2000,1366.699951,-1,,
3/9/2000,1401.689941,-1,,
3/10/2000,1395.069946,-1,,
3/13/2000,1383.619995,-1,,
3/14/2000,1359.150024,-1,,
3/15/2000,1392.140015,-1,,
3/16/2000,1458.469971,-1,,
3/17/2000,1464.469971,-1,,
3/20/2000,1456.630005,-1,,
3/21/2000,1493.869995,-1,,
3/22/2000,1500.640015,0,,
3/23/2000,1527.349976,0,,
3/24/2000,1527.459961,0,,
3/27/2000,1523.859985,0,,
3/28/2000,1507.72998,0,,
3/29/2000,1508.52002,0,,
3/30/2000,1487.920044,0,,
3/31/2000,1498.579956,1,,
4/3/2000,1505.969971,1,,
4/4/2000,1494.72998,1,,
4/5/2000,1487.369995,1,,
4/6/2000,1501.339966,1,,
4/7/2000,1516.349976,1,,
4/10/2000,1504.459961,1,,
4/11/2000,1500.589966,1,,
4/12/2000,1467.170044,1,,
4/13/2000,1440.51001,0,,
4/14/2000,1356.560059,0,,
4/17/2000,1401.439941,0,,
4/18/2000,1441.609985,0,,
4/19/2000,1427.469971,0,,
4/20/2000,1434.540039,0,,
4/24/2000,1429.859985,0,,
4/25/2000,1477.439941,0,,
4/26/2000,1460.98999,0,,
4/27/2000,1464.920044,0,,
4/28/2000,1452.430054,0,,
5/1/2000,1468.25,0,,
5/2/2000,1446.290039,0,,
5/3/2000,1415.099976,0,,
5/4/2000,1409.569946,0,,
5/5/2000,1432.630005,0,,
5/8/2000,1424.170044,0,,
5/9/2000,1412.140015,0,,
5/10/2000,1383.050049,0,,
5/11/2000,1407.810059,0,,
5/12/2000,1420.959961,0,,
5/15/2000,1452.359985,0,,
5/16/2000,1466.040039,0,,
5/17/2000,1447.800049,0,,
5/18/2000,1437.209961,-1,,
5/19/2000,1406.949951,-1,,
5/22/2000,1400.719971,-1,,
5/23/2000,1373.859985,-1,,
5/24/2000,1399.050049,-1,,
5/25/2000,1381.52002,-1,,
5/26/2000,1378.02002,-1,,
5/30/2000,1422.449951,-1,,
5/31/2000,1420.599976,-1,,
6/1/2000,1448.810059,-1,,
6/2/2000,1477.26001,-1,,
6/5/2000,1467.630005,-1,,
6/6/2000,1457.839966,-1,,
6/7/2000,1471.359985,-1,,
6/8/2000,1461.670044,-1,,
6/9/2000,1456.949951,-1,,
6/12/2000,1446,-1,,
6/13/2000,1469.439941,0,,
6/14/2000,1470.540039,0,,
6/15/2000,1478.72998,0,,
6/16/2000,1464.459961,0,,
6/19/2000,1486,0,,
6/20/2000,1475.949951,0,,
6/21/2000,1479.130005,0,,
6/22/2000,1452.180054,0,,
6/23/2000,1441.47998,0,,
6/26/2000,1455.310059,0,,
6/27/2000,1450.550049,0,,
6/28/2000,1454.819946,0,,
6/29/2000,1442.390015,0,,
6/30/2000,1454.599976,0,,
7/3/2000,1469.540039,0,,
7/5/2000,1446.22998,0,,
7/6/2000,1456.670044,0,,
7/7/2000,1478.900024,0,,
7/10/2000,1475.619995,0,,
7/11/2000,1480.880005,0,,
7/12/2000,1492.920044,0,,
7/13/2000,1495.839966,0,,
7/14/2000,1509.97998,0,,
7/17/2000,1510.48999,0,,
7/18/2000,1493.73999,0,,
7/19/2000,1481.959961,0,,
7/20/2000,1495.569946,0,,
7/21/2000,1480.189941,0,,
7/24/2000,1464.290039,0,,
7/25/2000,1474.469971,0,,
7/26/2000,1452.420044,0,,
7/27/2000,1449.619995,0,,
7/28/2000,1419.890015,0,,
7/31/2000,1430.829956,0,,
8/1/2000,1438.099976,0,,
8/2/2000,1438.699951,0,,
8/3/2000,1452.560059,0,,
8/4/2000,1462.930054,0,,
8/7/2000,1479.319946,0,,
8/8/2000,1482.800049,0,,
8/9/2000,1472.869995,0,,
8/10/2000,1460.25,0,,
8/11/2000,1471.839966,0,,
8/14/2000,1491.560059,0,,
8/15/2000,1484.430054,0,,
8/16/2000,1479.849976,0,,
8/17/2000,1496.069946,0,,
8/18/2000,1491.719971,0,,
8/21/2000,1499.47998,0,,
8/22/2000,1498.130005,0,,
8/23/2000,1505.969971,0,,
8/24/2000,1508.310059,0,,
8/25/2000,1506.449951,0,,
8/28/2000,1514.089966,0,,
8/29/2000,1509.839966,0,,
8/30/2000,1502.589966,0,,
8/31/2000,1517.680054,0,,
9/1/2000,1520.77002,0,,
9/5/2000,1507.079956,0,,
9/6/2000,1492.25,0,,
9/7/2000,1502.51001,0,,
9/8/2000,1494.5,0,,
9/11/2000,1489.26001,0,,
9/12/2000,1481.98999,0,,
9/13/2000,1484.910034,0,,
9/14/2000,1480.869995,0,,
9/15/2000,1465.810059,0,,
9/18/2000,1444.51001,0,,
9/19/2000,1459.900024,0,,
9/20/2000,1451.339966,0,,
9/21/2000,1449.050049,0,,
9/22/2000,1448.719971,0,,
9/25/2000,1439.030029,0,,
9/26/2000,1427.209961,0,,
9/27/2000,1426.569946,0,,
9/28/2000,1458.290039,0,,
9/29/2000,1436.51001,0,,
10/2/2000,1436.22998,0,,
10/3/2000,1426.459961,0,,
10/4/2000,1434.319946,-1,,
10/5/2000,1436.280029,-1,,
10/6/2000,1408.98999,-1,,
10/9/2000,1402.030029,-1,,
10/10/2000,1387.02002,-1,,
10/11/2000,1364.589966,-1,,
10/12/2000,1329.780029,-1,,
10/13/2000,1374.170044,-1,,
10/16/2000,1374.619995,-1,,
10/17/2000,1349.969971,-1,,
10/18/2000,1342.130005,-1,,
10/19/2000,1388.76001,-1,,
10/20/2000,1396.930054,-1,,
10/23/2000,1395.780029,-1,,
10/24/2000,1398.130005,-1,,
10/25/2000,1364.900024,-1,,
10/26/2000,1364.439941,-1,,
10/27/2000,1379.579956,-1,,
10/30/2000,1398.660034,-1,,
10/31/2000,1429.400024,-1,,
11/1/2000,1421.219971,-1,,
11/2/2000,1428.319946,-1,,
11/3/2000,1426.689941,-1,,
11/6/2000,1432.189941,-1,,
11/7/2000,1431.869995,-1,,
11/8/2000,1409.280029,-1,,
11/9/2000,1400.140015,-1,,
11/10/2000,1365.97998,-1,,
11/13/2000,1351.26001,-1,,
11/14/2000,1382.949951,-1,,
11/15/2000,1389.810059,-1,,
11/16/2000,1372.319946,-1,,
11/17/2000,1367.719971,-1,,
11/20/2000,1342.619995,-1,,
11/21/2000,1347.349976,-1,,
11/22/2000,1322.359985,-1,,
11/24/2000,1341.77002,-1,,
11/27/2000,1348.969971,-1,,
11/28/2000,1336.089966,-1,,
11/29/2000,1341.930054,-1,,
11/30/2000,1314.949951,-1,,
12/1/2000,1315.22998,-1,,
12/4/2000,1324.969971,-1,,
12/5/2000,1376.540039,-1,,
12/6/2000,1351.459961,-1,,
12/7/2000,1343.550049,-1,,
12/8/2000,1369.890015,-1,,
12/11/2000,1380.199951,-1,,
12/12/2000,1371.180054,-1,,
12/13/2000,1359.98999,-1,,
12/14/2000,1340.930054,-1,,
12/15/2000,1312.150024,-1,,
12/18/2000,1322.73999,-1,,
12/19/2000,1305.599976,-1,,
12/20/2000,1264.73999,-1,,
12/21/2000,1274.859985,-1,,
12/22/2000,1305.949951,-1,,
12/26/2000,1315.189941,-1,,
12/27/2000,1328.920044,-1,,
12/28/2000,1334.219971,-1,,
12/29/2000,1320.280029,-1,,
1/2/2001,1283.27002,-1,,
1/3/2001,1347.560059,-1,,
1/4/2001,1333.339966,-1,,
1/5/2001,1298.349976,-1,,
1/8/2001,1295.859985,-1,,
1/9/2001,1300.800049,-1,,
1/10/2001,1313.27002,-1,,
1/11/2001,1326.819946,-1,,
1/12/2001,1318.550049,-1,,
1/16/2001,1326.650024,-1,,
1/17/2001,1329.469971,-1,,
1/18/2001,1347.969971,-1,,
1/19/2001,1342.540039,-1,,
1/22/2001,1342.900024,-1,,
1/23/2001,1360.400024,0,,
1/24/2001,1364.300049,0,,
1/25/2001,1357.51001,0,,
1/26/2001,1354.949951,0,,
1/29/2001,1364.170044,0,,
1/30/2001,1373.72998,0,,
1/31/2001,1366.01001,0,,
2/1/2001,1373.469971,0,,
2/2/2001,1349.469971,0,,
2/5/2001,1354.310059,0,,
2/6/2001,1352.26001,0,,
2/7/2001,1340.890015,0,,
2/8/2001,1332.530029,0,,
2/9/2001,1314.76001,0,,
2/12/2001,1330.310059,0,,
2/13/2001,1318.800049,0,,
2/14/2001,1315.920044,0,,
2/15/2001,1326.609985,0,,
2/16/2001,1301.530029,0,,
2/20/2001,1278.939941,0,,
2/21/2001,1255.27002,0,,
2/22/2001,1252.819946,0,,
2/23/2001,1245.859985,0,,
2/26/2001,1267.650024,0,,
2/27/2001,1257.939941,0,,
2/28/2001,1239.939941,0,,
3/1/2001,1241.22998,0,,
3/2/2001,1234.180054,0,,
3/5/2001,1241.410034,0,,
3/6/2001,1253.800049,-1,,
3/7/2001,1261.890015,-1,,
3/8/2001,1264.73999,-1,,
3/9/2001,1233.420044,-1,,
3/12/2001,1180.160034,-1,,
3/13/2001,1197.660034,-1,,
3/14/2001,1166.709961,-1,,
3/15/2001,1173.560059,-1,,
3/16/2001,1150.530029,-1,,
3/19/2001,1170.810059,-1,,
3/20/2001,1142.619995,-1,,
3/21/2001,1122.140015,-1,,
3/22/2001,1117.579956,-1,,
3/23/2001,1139.829956,-1,,
3/26/2001,1152.689941,-1,,
3/27/2001,1182.170044,-1,,
3/28/2001,1153.290039,-1,,
3/29/2001,1147.949951,-1,,
3/30/2001,1160.329956,-1,,
4/2/2001,1145.869995,-1,,
4/3/2001,1106.459961,-1,,
4/4/2001,1103.25,-1,,
4/5/2001,1151.439941,-1,,
4/6/2001,1128.430054,-1,,
4/9/2001,1137.589966,-1,,
4/10/2001,1168.380005,-1,,
4/11/2001,1165.890015,-1,,
4/12/2001,1183.5,-1,,
4/16/2001,1179.680054,-1,,
4/17/2001,1191.810059,-1,,
4/18/2001,1238.160034,-1,,
4/19/2001,1253.689941,-1,,
4/20/2001,1242.97998,-1,,
4/23/2001,1224.359985,-1,,
4/24/2001,1209.469971,0,,
4/25/2001,1228.75,0,,
4/26/2001,1234.52002,0,,
4/27/2001,1253.050049,0,,
4/30/2001,1249.459961,0,,
5/1/2001,1266.439941,0,,
5/2/2001,1267.430054,0,,
5/3/2001,1248.579956,0,,
5/4/2001,1266.609985,0,,
5/7/2001,1263.51001,0,,
5/8/2001,1261.199951,0,,
5/9/2001,1255.540039,0,,
5/10/2001,1255.180054,0,,
5/11/2001,1245.670044,0,,
5/14/2001,1248.920044,0,,
5/15/2001,1249.439941,0,,
5/16/2001,1284.98999,0,,
5/17/2001,1288.48999,0,,
5/18/2001,1291.959961,0,,
5/21/2001,1312.829956,0,,
5/22/2001,1309.380005,0,,
5/23/2001,1289.050049,0,,
5/24/2001,1293.170044,0,,
5/25/2001,1277.890015,0,,
5/29/2001,1267.930054,0,,
5/30/2001,1248.079956,0,,
5/31/2001,1255.819946,0,,
6/1/2001,1260.670044,0,,
6/4/2001,1267.109985,0,,
6/5/2001,1283.569946,0,,
6/6/2001,1270.030029,0,,
6/7/2001,1276.959961,0,,
6/8/2001,1264.959961,0,,
6/11/2001,1254.390015,0,,
6/12/2001,1255.849976,0,,
6/13/2001,1241.599976,0,,
6/14/2001,1219.869995,0,,
6/15/2001,1214.359985,0,,
6/18/2001,1208.430054,0,,
6/19/2001,1212.579956,0,,
6/20/2001,1223.140015,0,,
6/21/2001,1237.040039,0,,
6/22/2001,1225.349976,0,,
6/25/2001,1218.599976,0,,
6/26/2001,1216.76001,0,,
6/27/2001,1211.069946,0,,
6/28/2001,1226.199951,0,,
6/29/2001,1224.380005,-1,,
7/2/2001,1236.719971,-1,,
7/3/2001,1234.449951,-1,,
7/5/2001,1219.23999,-1,,
7/6/2001,1190.589966,-1,,
7/9/2001,1198.780029,-1,,
7/10/2001,1181.52002,-1,,
7/11/2001,1180.180054,-1,,
7/12/2001,1208.140015,-1,,
7/13/2001,1215.680054,-1,,
7/16/2001,1202.449951,-1,,
7/17/2001,1214.439941,-1,,
7/18/2001,1207.709961,-1,,
7/19/2001,1215.02002,-1,,
7/20/2001,1210.849976,-1,,
7/23/2001,1191.030029,-1,,
7/24/2001,1171.650024,-1,,
7/25/2001,1190.48999,-1,,
7/26/2001,1202.930054,-1,,
7/27/2001,1205.819946,-1,,
7/30/2001,1204.52002,-1,,
7/31/2001,1211.22998,-1,,
8/1/2001,1215.930054,-1,,
8/2/2001,1220.75,-1,,
8/3/2001,1214.349976,-1,,
8/6/2001,1200.47998,-1,,
8/7/2001,1204.400024,-1,,
8/8/2001,1183.530029,-1,,
8/9/2001,1183.430054,-1,,
8/10/2001,1190.160034,0,,
8/13/2001,1191.290039,0,,
8/14/2001,1186.72998,0,,
8/15/2001,1178.02002,0,,
8/16/2001,1181.660034,0,,
8/17/2001,1161.969971,0,,
8/20/2001,1171.410034,0,,
8/21/2001,1157.26001,0,,
8/22/2001,1165.310059,0,,
8/23/2001,1162.089966,0,,
8/24/2001,1184.930054,0,,
8/27/2001,1179.209961,0,,
8/28/2001,1161.51001,-1,,
8/29/2001,1148.560059,-1,,
8/30/2001,1129.030029,-1,,
8/31/2001,1133.579956,-1,,
9/4/2001,1132.939941,-1,,
9/5/2001,1131.73999,-1,,
9/6/2001,1106.400024,-1,,
9/7/2001,1085.780029,-1,,
9/10/2001,1092.540039,-1,,
9/17/2001,1038.77002,-1,,
9/18/2001,1032.73999,-1,,
9/19/2001,1016.099976,-1,,
9/20/2001,984.539978,-1,,
9/21/2001,965.7999878,-1,,
9/24/2001,1003.450012,-1,,
9/25/2001,1012.27002,-1,,
9/26/2001,1007.039978,-1,,
9/27/2001,1018.609985,-1,,
9/28/2001,1040.939941,-1,,
10/1/2001,1038.550049,-1,,
10/2/2001,1051.329956,-1,,
10/3/2001,1072.280029,-1,,
10/4/2001,1069.630005,-1,,
10/5/2001,1071.380005,-1,,
10/8/2001,1062.439941,-1,,
10/9/2001,1056.75,-1,,
10/10/2001,1080.98999,-1,,
10/11/2001,1097.430054,-1,,
10/12/2001,1091.650024,-1,,
10/15/2001,1089.97998,-1,,
10/16/2001,1097.540039,-1,,
10/17/2001,1077.089966,-1,,
10/18/2001,1068.609985,-1,,
10/19/2001,1073.47998,-1,,
10/22/2001,1089.900024,-1,,
10/23/2001,1084.780029,-1,,
10/24/2001,1085.199951,0,,
10/25/2001,1100.089966,0,,
10/26/2001,1104.609985,0,,
10/29/2001,1078.300049,0,,
10/30/2001,1059.790039,0,,
10/31/2001,1059.780029,0,,
11/1/2001,1084.099976,0,,
11/2/2001,1087.199951,0,,
11/5/2001,1102.839966,0,,
11/6/2001,1118.859985,0,,
11/7/2001,1115.800049,0,,
11/8/2001,1118.540039,0,,
11/9/2001,1120.310059,0,,
11/12/2001,1118.329956,0,,
11/13/2001,1139.089966,0,,
11/14/2001,1141.209961,0,,
11/15/2001,1142.23999,0,,
11/16/2001,1138.650024,0,,
11/19/2001,1151.060059,0,,
11/20/2001,1142.660034,0,,
11/21/2001,1137.030029,0,,
11/23/2001,1150.339966,0,,
11/26/2001,1157.420044,0,,
11/27/2001,1149.5,0,,
11/28/2001,1128.52002,0,,
11/29/2001,1140.199951,0,,
11/30/2001,1139.449951,0,,
12/3/2001,1129.900024,0,,
12/4/2001,1144.800049,0,,
12/5/2001,1170.349976,0,,
12/6/2001,1167.099976,0,,
12/7/2001,1158.310059,0,,
12/10/2001,1139.930054,0,,
12/11/2001,1136.76001,0,,
12/12/2001,1137.069946,0,,
12/13/2001,1119.380005,0,,
12/14/2001,1123.089966,0,,
12/17/2001,1134.359985,0,,
12/18/2001,1142.920044,0,,
12/19/2001,1149.560059,0,,
12/20/2001,1139.930054,0,,
12/21/2001,1144.890015,0,,
12/24/2001,1144.650024,0,,
12/26/2001,1149.369995,0,,
12/27/2001,1157.130005,0,,
12/28/2001,1161.02002,0,,
12/31/2001,1148.079956,0,,
1/2/2002,1154.670044,0,,
1/3/2002,1165.27002,0,,
1/4/2002,1172.51001,0,,
1/7/2002,1164.890015,0,,
1/8/2002,1160.709961,0,,
1/9/2002,1155.140015,0,,
1/10/2002,1156.550049,0,,
1/11/2002,1145.599976,0,,
1/14/2002,1138.410034,0,,
1/15/2002,1146.189941,0,,
1/16/2002,1127.569946,0,,
1/17/2002,1138.880005,0,,
1/18/2002,1127.579956,0,,
1/22/2002,1119.310059,0,,
1/23/2002,1128.180054,0,,
1/24/2002,1132.150024,0,,
1/25/2002,1133.280029,0,,
1/28/2002,1133.060059,0,,
1/29/2002,1100.640015,0,,
1/30/2002,1113.569946,0,,
1/31/2002,1130.199951,0,,
2/1/2002,1122.199951,0,,
2/4/2002,1094.439941,0,,
2/5/2002,1090.02002,0,,
2/6/2002,1083.51001,0,,
2/7/2002,1080.170044,0,,
2/8/2002,1096.219971,0,,
2/11/2002,1111.939941,0,,
2/12/2002,1107.5,0,,
2/13/2002,1118.51001,0,,
2/14/2002,1116.47998,0,,
2/15/2002,1104.180054,-1,,
2/19/2002,1083.339966,-1,,
2/20/2002,1097.97998,-1,,
2/21/2002,1080.949951,-1,,
2/22/2002,1089.839966,-1,,
2/25/2002,1109.430054,-1,,
2/26/2002,1109.380005,-1,,
2/27/2002,1109.890015,-1,,
2/28/2002,1106.72998,-1,,
3/1/2002,1131.780029,-1,,
3/4/2002,1153.839966,-1,,
3/5/2002,1146.140015,-1,,
3/6/2002,1162.77002,-1,,
3/7/2002,1157.540039,-1,,
3/8/2002,1164.310059,-1,,
3/11/2002,1168.26001,-1,,
3/12/2002,1165.579956,0,,
3/13/2002,1154.089966,0,,
3/14/2002,1153.040039,0,,
3/15/2002,1166.160034,0,,
3/18/2002,1165.550049,0,,
3/19/2002,1170.290039,1,,
3/20/2002,1151.849976,1,,
3/21/2002,1153.589966,1,,
3/22/2002,1148.699951,1,,
3/25/2002,1131.869995,1,,
3/26/2002,1138.48999,1,,
3/27/2002,1144.579956,1,,
3/28/2002,1147.390015,1,,
4/1/2002,1146.540039,1,,
4/2/2002,1136.76001,1,,
4/3/2002,1125.400024,1,,
4/4/2002,1126.339966,0,,
4/5/2002,1122.72998,0,,
4/8/2002,1125.290039,0,,
4/9/2002,1117.800049,0,,
4/10/2002,1130.469971,0,,
4/11/2002,1103.689941,0,,
4/12/2002,1111.01001,0,,
4/15/2002,1102.550049,0,,
4/16/2002,1128.369995,0,,
4/17/2002,1126.069946,0,,
4/18/2002,1124.469971,0,,
4/19/2002,1125.170044,0,,
4/22/2002,1107.829956,0,,
4/23/2002,1100.959961,-1,,
4/24/2002,1093.140015,-1,,
4/25/2002,1091.47998,-1,,
4/26/2002,1076.319946,-1,,
4/29/2002,1065.449951,-1,,
4/30/2002,1076.920044,-1,,
5/1/2002,1086.459961,-1,,
5/2/2002,1084.560059,-1,,
5/3/2002,1073.430054,-1,,
5/6/2002,1052.670044,-1,,
5/7/2002,1049.48999,-1,,
5/8/2002,1088.849976,-1,,
5/9/2002,1073.01001,-1,,
5/10/2002,1054.98999,-1,,
5/13/2002,1074.560059,-1,,
5/14/2002,1097.280029,-1,,
5/15/2002,1091.069946,-1,,
5/16/2002,1098.22998,-1,,
5/17/2002,1106.589966,-1,,
5/20/2002,1091.880005,-1,,
5/21/2002,1079.880005,-1,,
5/22/2002,1086.02002,-1,,
5/23/2002,1097.079956,-1,,
5/24/2002,1083.819946,-1,,
5/28/2002,1074.550049,-1,,
5/29/2002,1067.660034,-1,,
5/30/2002,1064.660034,-1,,
5/31/2002,1067.140015,-1,,
6/3/2002,1040.680054,-1,,
6/4/2002,1040.689941,-1,,
6/5/2002,1049.900024,-1,,
6/6/2002,1029.150024,-1,,
6/7/2002,1027.530029,-1,,
6/10/2002,1030.73999,-1,,
6/11/2002,1013.599976,-1,,
6/12/2002,1020.26001,-1,,
6/13/2002,1009.559998,-1,,
6/14/2002,1007.27002,-1,,
6/17/2002,1036.170044,-1,,
6/18/2002,1037.140015,-1,,
6/19/2002,1019.98999,-1,,
6/20/2002,1006.289978,-1,,
6/21/2002,989.1400146,-1,,
6/24/2002,992.7199707,-1,,
6/25/2002,976.1400146,-1,,
6/26/2002,973.5300293,-1,,
6/27/2002,990.6400146,-1,,
6/28/2002,989.8200073,-1,,
7/1/2002,968.6500244,-1,,
7/2/2002,948.0900269,-1,,
7/3/2002,953.9899902,-1,,
7/5/2002,989.0300293,-1,,
7/8/2002,976.9799805,-1,,
7/9/2002,952.8300171,-1,,
7/10/2002,920.4699707,-1,,
7/11/2002,927.3699951,-1,,
7/12/2002,921.3900146,-1,,
7/15/2002,917.9299927,-1,,
7/16/2002,900.9400024,-1,,
7/17/2002,906.039978,-1,,
7/18/2002,881.5599976,-1,,
7/19/2002,847.75,-1,,
7/22/2002,819.8499756,-1,,
7/23/2002,797.7000122,-1,,
7/24/2002,843.4299927,-1,,
7/25/2002,838.6799927,-1,,
7/26/2002,852.8400269,-1,,
7/29/2002,898.960022,-1,,
7/30/2002,902.7800293,-1,,
7/31/2002,911.6199951,-1,,
8/1/2002,884.6599731,-1,,
8/2/2002,864.2399902,-1,,
8/5/2002,834.5999756,-1,,
8/6/2002,859.5700073,-1,,
8/7/2002,876.7700195,-1,,
8/8/2002,905.460022,-1,,
8/9/2002,908.6400146,-1,,
8/12/2002,903.7999878,-1,,
8/13/2002,884.210022,-1,,
8/14/2002,919.6199951,-1,,
8/15/2002,930.25,-1,,
8/16/2002,928.7700195,-1,,
8/19/2002,950.7000122,-1,,
8/20/2002,937.4299927,-1,,
8/21/2002,949.3599854,-1,,
8/22/2002,962.7000122,-1,,
8/23/2002,940.8599854,-1,,
8/26/2002,947.9500122,-1,,
8/27/2002,934.8200073,-1,,
8/28/2002,917.8699951,0,,
8/29/2002,917.7999878,0,,
8/30/2002,916.0700073,0,,
9/3/2002,878.0200195,0,,
9/4/2002,893.4000244,0,,
9/5/2002,879.1500244,0,,
9/6/2002,893.9199829,0,,
9/9/2002,902.960022,0,,
9/10/2002,909.5800171,0,,
9/11/2002,909.4500122,0,,
9/12/2002,886.9099731,0,,
9/13/2002,889.8099976,0,,
9/16/2002,891.0999756,0,,
9/17/2002,873.5200195,0,,
9/18/2002,869.460022,0,,
9/19/2002,843.3200073,0,,
9/20/2002,845.3900146,0,,
9/23/2002,833.7000122,0,,
9/24/2002,819.289978,0,,
9/25/2002,839.6599731,0,,
9/26/2002,854.9500122,0,,
9/27/2002,827.3699951,0,,
9/30/2002,815.2800293,0,,
10/1/2002,847.9099731,-1,,
10/2/2002,827.9099731,-1,,
10/3/2002,818.9500122,-1,,
10/4/2002,800.5800171,-1,,
10/7/2002,785.2800293,-1,,
10/8/2002,798.5499878,-1,,
10/9/2002,776.7600098,-1,,
10/10/2002,803.9199829,-1,,
10/11/2002,835.3200073,-1,,
10/14/2002,841.4400024,-1,,
10/15/2002,881.2700195,-1,,
10/16/2002,860.0200195,-1,,
10/17/2002,879.2000122,-1,,
10/18/2002,884.3900146,-1,,
10/21/2002,899.7199707,-1,,
10/22/2002,890.1599731,-1,,
10/23/2002,896.1400146,-1,,
10/24/2002,882.5,0,,
10/25/2002,897.6500244,0,,
10/28/2002,890.2299805,0,,
10/29/2002,882.1500244,0,,
10/30/2002,890.710022,0,,
10/31/2002,885.7600098,0,,
11/1/2002,900.960022,0,,
11/4/2002,908.3499756,0,,
11/5/2002,915.3900146,0,,
11/6/2002,923.7600098,0,,
11/7/2002,902.6500244,0,,
11/8/2002,894.7399902,0,,
11/11/2002,876.1900024,0,,
11/12/2002,882.9500122,0,,
11/13/2002,882.5300293,0,,
11/14/2002,904.2700195,0,,
11/15/2002,909.8300171,0,,
11/18/2002,900.3599854,0,,
11/19/2002,896.7399902,0,,
11/20/2002,914.1500244,0,,
11/21/2002,933.7600098,0,,
11/22/2002,930.5499878,0,,
11/25/2002,932.8699951,0,,
11/26/2002,913.3099976,0,,
11/27/2002,938.8699951,0,,
11/29/2002,936.3099976,0,,
12/2/2002,934.5300293,0,,
12/3/2002,920.75,0,,
12/4/2002,917.5800171,1,,
12/5/2002,906.5499878,1,,
12/6/2002,912.2299805,1,,
12/9/2002,892,1,,
12/10/2002,904.4500122,1,,
12/11/2002,904.960022,1,,
12/12/2002,901.5800171,1,,
12/13/2002,889.4799805,1,,
12/16/2002,910.4000244,1,,
12/17/2002,902.9899902,0,,
12/18/2002,891.1199951,0,,
12/19/2002,884.25,0,,
12/20/2002,895.7600098,0,,
12/23/2002,897.3800049,0,,
12/24/2002,892.4699707,0,,
12/26/2002,889.6599731,0,,
12/27/2002,875.4000244,0,,
12/30/2002,879.3900146,0,,
12/31/2002,879.8200073,0,,
1/2/2003,909.0300293,0,,
1/3/2003,908.5900269,0,,
1/6/2003,929.0100098,0,,
1/7/2003,922.9299927,0,,
1/8/2003,909.9299927,0,,
1/9/2003,927.5700073,0,,
1/10/2003,927.5700073,0,,
1/13/2003,926.2600098,0,,
1/14/2003,931.6599731,0,,
1/15/2003,918.2199707,0,,
1/16/2003,914.5999756,0,,
1/17/2003,901.7800293,0,,
1/21/2003,887.6199951,0,,
1/22/2003,878.3599854,0,,
1/23/2003,887.3400269,0,,
1/24/2003,861.4000244,0,,
1/27/2003,847.4799805,0,,
1/28/2003,858.539978,0,,
1/29/2003,864.3599854,0,,
1/30/2003,844.6099854,0,,
1/31/2003,855.7000122,0,,
2/3/2003,860.3200073,0,,
2/4/2003,848.2000122,0,,
2/5/2003,843.5900269,-1,,
2/6/2003,838.1500244,-1,,
2/7/2003,829.6900024,-1,,
2/10/2003,835.9699707,-1,,
2/11/2003,829.2000122,-1,,
2/12/2003,818.6799927,-1,,
2/13/2003,817.3699951,-1,,
2/14/2003,834.8900146,-1,,
2/18/2003,851.1699829,-1,,
2/19/2003,845.1300049,-1,,
2/20/2003,837.0999756,-1,,
2/21/2003,848.1699829,-1,,
2/24/2003,832.5800171,-1,,
2/25/2003,838.5700073,-1,,
2/26/2003,827.5499878,-1,,
2/27/2003,837.2800293,-1,,
2/28/2003,841.1500244,-1,,
3/3/2003,834.8099976,-1,,
3/4/2003,821.9899902,-1,,
3/5/2003,829.8499756,-1,,
3/6/2003,822.0999756,-1,,
3/7/2003,828.8900146,-1,,
3/10/2003,807.4799805,-1,,
3/11/2003,800.7299805,-1,,
3/12/2003,804.1900024,-1,,
3/13/2003,831.9000244,-1,,
3/14/2003,833.2700195,-1,,
3/17/2003,862.789978,-1,,
3/18/2003,866.4500122,-1,,
3/19/2003,874.0200195,-1,,
3/20/2003,875.6699829,-1,,
3/21/2003,895.789978,-1,,
3/24/2003,864.2299805,-1,,
3/25/2003,874.7399902,-1,,
3/26/2003,869.9500122,0,,
3/27/2003,868.5200195,0,,
3/28/2003,863.5,0,,
3/31/2003,848.1799927,0,,
4/1/2003,858.4799805,0,,
4/2/2003,880.9000244,0,,
4/3/2003,876.4500122,0,,
4/4/2003,878.8499756,0,,
4/7/2003,879.9299927,0,,
4/8/2003,878.289978,0,,
4/9/2003,865.9899902,0,,
4/10/2003,871.5800171,0,,
4/11/2003,868.2999878,0,,
4/14/2003,885.2299805,0,,
4/15/2003,890.8099976,0,,
4/16/2003,879.9099731,0,,
4/17/2003,893.5800171,1,,
4/21/2003,892.0100098,1,,
4/22/2003,911.3699951,1,,
4/23/2003,919.0200195,1,,
4/24/2003,911.4299927,1,,
4/25/2003,898.8099976,1,,
4/28/2003,914.8400269,1,,
4/29/2003,917.8400269,1,,
4/30/2003,916.9199829,1,,
5/1/2003,916.2999878,1,,
5/2/2003,930.0800171,1,,
5/5/2003,926.5499878,1,,
5/6/2003,934.3900146,1,,
5/7/2003,929.6199951,1,,
5/8/2003,920.2700195,1,,
5/9/2003,933.4099731,1,,
5/12/2003,945.1099854,1,,
5/13/2003,942.2999878,1,,
5/14/2003,939.2800293,1,,
5/15/2003,946.6699829,1,,
5/16/2003,944.2999878,1,,
5/19/2003,920.7700195,1,,
5/20/2003,919.7299805,1,,
5/21/2003,923.4199829,1,,
5/22/2003,931.8699951,1,,
5/23/2003,933.2199707,1,,
5/27/2003,951.4799805,1,,
5/28/2003,953.2199707,1,,
5/29/2003,949.6400146,1,,
5/30/2003,963.5900269,1,,
6/2/2003,967,1,,
6/3/2003,971.5599976,1,,
6/4/2003,986.2399902,1,,
6/5/2003,990.1400146,1,,
6/6/2003,987.7600098,1,,
6/9/2003,975.9299927,1,,
6/10/2003,984.8400269,1,,
6/11/2003,997.4799805,1,,
6/12/2003,998.5100098,1,,
6/13/2003,988.6099854,1,,
6/16/2003,1010.73999,1,,
6/17/2003,1011.659973,1,,
6/18/2003,1010.090027,1,,
6/19/2003,994.7000122,1,,
6/20/2003,995.6900024,1,,
6/23/2003,981.6400146,1,,
6/24/2003,983.4500122,1,,
6/25/2003,975.3200073,1,,
6/26/2003,985.8200073,1,,
6/27/2003,976.2199707,1,,
6/30/2003,974.5,1,,
7/1/2003,982.3200073,1,,
7/2/2003,993.75,1,,
7/3/2003,985.7000122,1,,
7/7/2003,1004.419983,1,,
7/8/2003,1007.840027,1,,
7/9/2003,1002.210022,1,,
7/10/2003,988.7000122,1,,
7/11/2003,998.1400146,1,,
7/14/2003,1003.859985,1,,
7/15/2003,1000.419983,1,,
7/16/2003,994.0900269,1,,
7/17/2003,981.7299805,1,,
7/18/2003,993.3200073,0,,
7/21/2003,978.7999878,0,,
7/22/2003,988.1099854,0,,
7/23/2003,988.6099854,0,,
7/24/2003,981.5999756,0,,
7/25/2003,998.6799927,0,,
7/28/2003,996.5200195,0,,
7/29/2003,989.2800293,0,,
7/30/2003,987.4899902,0,,
7/31/2003,990.3099976,0,,
8/1/2003,980.1500244,0,,
8/4/2003,982.8200073,0,,
8/5/2003,965.460022,0,,
8/6/2003,967.0800171,0,,
8/7/2003,974.1199951,0,,
8/8/2003,977.5900269,0,,
8/11/2003,980.5900269,0,,
8/12/2003,990.3499756,0,,
8/13/2003,984.0300293,0,,
8/14/2003,990.5100098,0,,
8/15/2003,990.6699829,0,,
8/18/2003,999.7399902,0,,
8/19/2003,1002.349976,0,,
8/20/2003,1000.299988,0,,
8/21/2003,1003.27002,0,,
8/22/2003,993.0599976,0,,
8/25/2003,993.710022,0,,
8/26/2003,996.7299805,0,,
8/27/2003,996.789978,0,,
8/28/2003,1002.840027,0,,
8/29/2003,1008.01001,0,,
9/2/2003,1021.98999,0,,
9/3/2003,1026.27002,0,,
9/4/2003,1027.969971,0,,
9/5/2003,1021.390015,0,,
9/8/2003,1031.640015,0,,
9/9/2003,1023.169983,0,,
9/10/2003,1010.919983,0,,
9/11/2003,1016.419983,0,,
9/12/2003,1018.630005,0,,
9/15/2003,1014.809998,0,,
9/16/2003,1029.319946,0,,
9/17/2003,1025.969971,0,,
9/18/2003,1039.579956,0,,
9/19/2003,1036.300049,0,,
9/22/2003,1022.820007,0,,
9/23/2003,1029.030029,0,,
9/24/2003,1009.380005,0,,
9/25/2003,1003.27002,0,,
9/26/2003,996.8499756,0,,
9/29/2003,1006.580017,0,,
9/30/2003,995.9699707,0,,
10/1/2003,1018.219971,0,,
10/2/2003,1020.23999,0,,
10/3/2003,1029.849976,0,,
10/6/2003,1034.349976,0,,
10/7/2003,1039.25,0,,
10/8/2003,1033.780029,0,,
10/9/2003,1038.72998,0,,
10/10/2003,1038.060059,0,,
10/13/2003,1045.349976,0,,
10/14/2003,1049.47998,0,,
10/15/2003,1046.76001,0,,
10/16/2003,1050.069946,0,,
10/17/2003,1039.319946,0,,
10/20/2003,1044.680054,0,,
10/21/2003,1046.030029,0,,
10/22/2003,1030.359985,0,,
10/23/2003,1033.77002,0,,
10/24/2003,1028.910034,0,,
10/27/2003,1031.130005,0,,
10/28/2003,1046.790039,0,,
10/29/2003,1048.109985,0,,
10/30/2003,1046.939941,0,,
10/31/2003,1050.709961,0,,
11/3/2003,1059.02002,0,,
11/4/2003,1053.25,0,,
11/5/2003,1051.810059,0,,
11/6/2003,1058.050049,0,,
11/7/2003,1053.209961,0,,
11/10/2003,1047.109985,0,,
11/11/2003,1046.569946,0,,
11/12/2003,1058.530029,0,,
11/13/2003,1058.410034,0,,
11/14/2003,1050.349976,0,,
11/17/2003,1043.630005,0,,
11/18/2003,1034.150024,0,,
11/19/2003,1042.439941,0,,
11/20/2003,1033.650024,0,,
11/21/2003,1035.280029,0,,
11/24/2003,1052.079956,0,,
11/25/2003,1053.890015,0,,
11/26/2003,1058.449951,0,,
11/28/2003,1058.199951,0,,
12/1/2003,1070.119995,0,,
12/2/2003,1066.619995,0,,
12/3/2003,1064.72998,0,,
12/4/2003,1069.719971,0,,
12/5/2003,1061.5,0,,
12/8/2003,1069.300049,0,,
12/9/2003,1060.180054,0,,
12/10/2003,1059.050049,0,,
12/11/2003,1071.209961,0,,
12/12/2003,1074.140015,0,,
12/15/2003,1068.040039,1,,
12/16/2003,1075.130005,1,,
12/17/2003,1076.47998,1,,
12/18/2003,1089.180054,1,,
12/19/2003,1088.660034,1,,
12/22/2003,1092.939941,1,,
12/23/2003,1096.02002,1,,
12/24/2003,1094.040039,1,,
12/26/2003,1095.890015,1,,
12/29/2003,1109.47998,1,,
12/30/2003,1109.640015,1,,
12/31/2003,1111.920044,1,,
1/2/2004,1108.47998,1,,
1/5/2004,1122.219971,1,,
1/6/2004,1123.670044,1,,
1/7/2004,1126.329956,1,,
1/8/2004,1131.920044,1,,
1/9/2004,1121.859985,1,,
1/12/2004,1127.22998,1,,
1/13/2004,1121.219971,1,,
1/14/2004,1130.52002,1,,
1/15/2004,1132.050049,1,,
1/16/2004,1139.829956,1,,
1/20/2004,1138.77002,1,,
1/21/2004,1147.619995,1,,
1/22/2004,1143.939941,1,,
1/23/2004,1141.550049,1,,
1/26/2004,1155.369995,1,,
1/27/2004,1144.050049,1,,
1/28/2004,1128.47998,1,,
1/29/2004,1134.109985,1,,
1/30/2004,1131.130005,1,,
2/2/2004,1135.26001,1,,
2/3/2004,1136.030029,1,,
2/4/2004,1126.52002,1,,
2/5/2004,1128.589966,1,,
2/6/2004,1142.76001,1,,
2/9/2004,1139.810059,1,,
2/10/2004,1145.540039,1,,
2/11/2004,1157.76001,1,,
2/12/2004,1152.109985,1,,
2/13/2004,1145.810059,1,,
2/17/2004,1156.98999,1,,
2/18/2004,1151.819946,1,,
2/19/2004,1147.060059,1,,
2/20/2004,1144.109985,1,,
2/23/2004,1140.98999,1,,
2/24/2004,1139.089966,1,,
2/25/2004,1143.670044,1,,
2/26/2004,1144.910034,1,,
2/27/2004,1144.939941,1,,
3/1/2004,1155.969971,1,,
3/2/2004,1149.099976,1,,
3/3/2004,1151.030029,1,,
3/4/2004,1154.869995,1,,
3/5/2004,1156.859985,1,,
3/8/2004,1147.199951,1,,
3/9/2004,1140.579956,0,,
3/10/2004,1123.890015,0,,
3/11/2004,1106.780029,0,,
3/12/2004,1120.569946,0,,
3/15/2004,1104.48999,0,,
3/16/2004,1110.699951,0,,
3/17/2004,1123.75,0,,
3/18/2004,1122.319946,0,,
3/19/2004,1109.780029,0,,
3/22/2004,1095.400024,0,,
3/23/2004,1093.949951,0,,
3/24/2004,1091.329956,0,,
3/25/2004,1109.189941,0,,
3/26/2004,1108.060059,0,,
3/29/2004,1122.469971,0,,
3/30/2004,1127,0,,
3/31/2004,1126.209961,0,,
4/1/2004,1132.170044,0,,
4/2/2004,1141.810059,0,,
4/5/2004,1150.569946,0,,
4/6/2004,1148.160034,0,,
4/7/2004,1140.530029,0,,
4/8/2004,1139.319946,1,,
4/12/2004,1145.199951,1,,
4/13/2004,1129.439941,1,,
4/14/2004,1128.170044,1,,
4/15/2004,1128.839966,1,,
4/16/2004,1134.609985,1,,
4/19/2004,1135.819946,1,,
4/20/2004,1118.150024,1,,
4/21/2004,1124.089966,0,,
4/22/2004,1139.930054,0,,
4/23/2004,1140.599976,0,,
4/26/2004,1135.530029,0,,
4/27/2004,1138.109985,0,,
4/28/2004,1122.410034,0,,
4/29/2004,1113.890015,0,,
4/30/2004,1107.300049,0,,
5/3/2004,1117.48999,0,,
5/4/2004,1119.550049,0,,
5/5/2004,1121.530029,0,,
5/6/2004,1113.98999,0,,
5/7/2004,1098.699951,0,,
5/10/2004,1087.119995,0,,
5/11/2004,1095.449951,0,,
5/12/2004,1097.280029,0,,
5/13/2004,1096.439941,0,,
5/14/2004,1095.699951,0,,
5/17/2004,1084.099976,0,,
5/18/2004,1091.48999,0,,
5/19/2004,1088.680054,0,,
5/20/2004,1089.189941,-1,,
5/21/2004,1093.560059,-1,,
5/24/2004,1095.410034,-1,,
5/25/2004,1113.050049,-1,,
5/26/2004,1114.939941,-1,,
5/27/2004,1121.280029,-1,,
5/28/2004,1120.680054,-1,,
6/1/2004,1121.199951,-1,,
6/2/2004,1124.98999,-1,,
6/3/2004,1116.640015,-1,,
6/4/2004,1122.5,-1,,
6/7/2004,1140.420044,0,,
6/8/2004,1142.180054,0,,
6/9/2004,1131.329956,0,,
6/10/2004,1136.469971,0,,
6/14/2004,1125.290039,0,,
6/15/2004,1132.01001,0,,
6/16/2004,1133.560059,0,,
6/17/2004,1132.050049,0,,
6/18/2004,1135.02002,0,,
6/21/2004,1130.300049,0,,
6/22/2004,1134.410034,0,,
6/23/2004,1144.060059,0,,
6/24/2004,1140.650024,0,,
6/25/2004,1134.430054,0,,
6/28/2004,1133.349976,0,,
6/29/2004,1136.199951,0,,
6/30/2004,1140.839966,0,,
7/1/2004,1128.939941,0,,
7/2/2004,1125.380005,0,,
7/6/2004,1116.209961,0,,
7/7/2004,1118.329956,0,,
7/8/2004,1109.109985,0,,
7/9/2004,1112.810059,0,,
7/12/2004,1114.349976,0,,
7/13/2004,1115.140015,0,,
7/14/2004,1111.469971,0,,
7/15/2004,1106.689941,0,,
7/16/2004,1101.390015,0,,
7/19/2004,1100.900024,0,,
7/20/2004,1108.670044,0,,
7/21/2004,1093.880005,0,,
7/22/2004,1096.839966,0,,
7/23/2004,1086.199951,0,,
7/26/2004,1084.069946,0,,
7/27/2004,1094.829956,-1,,
7/28/2004,1095.420044,-1,,
7/29/2004,1100.430054,-1,,
7/30/2004,1101.719971,-1,,
8/2/2004,1106.619995,-1,,
8/3/2004,1099.689941,-1,,
8/4/2004,1098.630005,-1,,
8/5/2004,1080.699951,-1,,
8/6/2004,1063.969971,-1,,
8/9/2004,1065.219971,-1,,
8/10/2004,1079.040039,-1,,
8/11/2004,1075.790039,-1,,
8/12/2004,1063.22998,-1,,
8/13/2004,1064.800049,-1,,
8/16/2004,1079.339966,-1,,
8/17/2004,1081.709961,-1,,
8/18/2004,1095.170044,-1,,
8/19/2004,1091.22998,-1,,
8/20/2004,1098.349976,-1,,
8/23/2004,1095.680054,-1,,
8/24/2004,1096.189941,-1,,
8/25/2004,1104.959961,-1,,
8/26/2004,1105.089966,-1,,
8/27/2004,1107.77002,0,,
8/30/2004,1099.150024,0,,
8/31/2004,1104.23999,0,,
9/1/2004,1105.910034,0,,
9/2/2004,1118.310059,0,,
9/3/2004,1113.630005,0,,
9/7/2004,1121.300049,0,,
9/8/2004,1116.27002,0,,
9/9/2004,1118.380005,0,,
9/10/2004,1123.920044,0,,
9/13/2004,1125.819946,0,,
9/14/2004,1128.329956,0,,
9/15/2004,1120.369995,0,,
9/16/2004,1123.5,0,,
9/17/2004,1128.550049,0,,
9/20/2004,1122.199951,0,,
9/21/2004,1129.300049,1,,
9/22/2004,1113.560059,1,,
9/23/2004,1108.359985,1,,
9/24/2004,1110.109985,1,,
9/27/2004,1103.52002,1,,
9/28/2004,1110.060059,1,,
9/29/2004,1114.800049,1,,
9/30/2004,1114.579956,1,,
10/1/2004,1131.5,1,,
10/4/2004,1135.170044,0,,
10/5/2004,1134.47998,0,,
10/6/2004,1142.050049,0,,
10/7/2004,1130.650024,0,,
10/8/2004,1122.140015,0,,
10/11/2004,1124.390015,0,,
10/12/2004,1121.839966,0,,
10/13/2004,1113.650024,0,,
10/14/2004,1103.290039,0,,
10/15/2004,1108.199951,0,,
10/18/2004,1114.02002,0,,
10/19/2004,1103.22998,0,,
10/20/2004,1103.660034,0,,
10/21/2004,1106.48999,0,,
10/22/2004,1095.73999,0,,
10/25/2004,1094.800049,0,,
10/26/2004,1111.089966,0,,
10/27/2004,1125.400024,0,,
10/28/2004,1127.439941,0,,
10/29/2004,1130.199951,0,,
11/1/2004,1130.51001,0,,
11/2/2004,1130.560059,0,,
11/3/2004,1143.199951,0,,
11/4/2004,1161.670044,0,,
11/5/2004,1166.170044,0,,
11/8/2004,1164.890015,0,,
11/9/2004,1164.079956,0,,
11/10/2004,1162.910034,0,,
11/11/2004,1173.47998,0,,
11/12/2004,1184.170044,1,,
11/15/2004,1183.810059,1,,
11/16/2004,1175.430054,1,,
11/17/2004,1181.939941,1,,
11/18/2004,1183.550049,1,,
11/19/2004,1170.339966,1,,
11/22/2004,1177.23999,1,,
11/23/2004,1176.939941,1,,
11/24/2004,1181.76001,1,,
11/26/2004,1182.650024,1,,
11/29/2004,1178.569946,1,,
11/30/2004,1173.819946,1,,
12/1/2004,1191.369995,1,,
12/2/2004,1190.329956,1,,
12/3/2004,1191.170044,1,,
12/6/2004,1190.25,1,,
12/7/2004,1177.069946,1,,
12/8/2004,1182.810059,1,,
12/9/2004,1189.23999,1,,
12/10/2004,1188,1,,
12/13/2004,1198.680054,1,,
12/14/2004,1203.380005,1,,
12/15/2004,1205.719971,1,,
12/16/2004,1203.209961,1,,
12/17/2004,1194.199951,1,,
12/20/2004,1194.650024,1,,
12/21/2004,1205.449951,1,,
12/22/2004,1209.569946,1,,
12/23/2004,1210.130005,1,,
12/27/2004,1204.920044,1,,
12/28/2004,1213.540039,1,,
12/29/2004,1213.449951,1,,
12/30/2004,1213.550049,1,,
12/31/2004,1211.920044,1,,
1/3/2005,1202.079956,1,,
1/4/2005,1188.050049,1,,
1/5/2005,1183.73999,1,,
1/6/2005,1187.890015,1,,
1/7/2005,1186.189941,1,,
1/10/2005,1190.25,1,,
1/11/2005,1182.98999,1,,
1/12/2005,1187.699951,1,,
1/13/2005,1177.449951,0,,
1/14/2005,1184.52002,0,,
1/18/2005,1195.97998,0,,
1/19/2005,1184.630005,0,,
1/20/2005,1175.410034,0,,
1/21/2005,1167.869995,0,,
1/24/2005,1163.75,0,,
1/25/2005,1168.410034,0,,
1/26/2005,1174.069946,0,,
1/27/2005,1174.550049,0,,
1/28/2005,1171.359985,0,,
1/31/2005,1181.27002,0,,
2/1/2005,1189.410034,0,,
2/2/2005,1193.189941,0,,
2/3/2005,1189.890015,0,,
2/4/2005,1203.030029,0,,
2/7/2005,1201.719971,0,,
2/8/2005,1202.300049,0,,
2/9/2005,1191.98999,0,,
2/10/2005,1197.01001,0,,
2/11/2005,1205.300049,0,,
2/14/2005,1206.140015,0,,
2/15/2005,1210.119995,0,,
2/16/2005,1210.339966,1,,
2/17/2005,1200.75,1,,
2/18/2005,1201.589966,1,,
2/22/2005,1184.160034,1,,
2/23/2005,1190.800049,0,,
2/24/2005,1200.199951,0,,
2/25/2005,1211.369995,0,,
2/28/2005,1203.599976,0,,
3/1/2005,1210.410034,0,,
3/2/2005,1210.079956,0,,
3/3/2005,1210.469971,0,,
3/4/2005,1222.119995,0,,
3/7/2005,1225.310059,0,,
3/8/2005,1219.430054,0,,
3/9/2005,1207.01001,0,,
3/10/2005,1209.25,0,,
3/11/2005,1200.079956,0,,
3/14/2005,1206.829956,0,,
3/15/2005,1197.75,0,,
3/16/2005,1188.069946,0,,
3/17/2005,1190.209961,0,,
3/18/2005,1189.650024,0,,
3/21/2005,1183.780029,0,,
3/22/2005,1171.709961,0,,
3/23/2005,1172.530029,0,,
3/24/2005,1171.420044,0,,
3/28/2005,1174.280029,0,,
3/29/2005,1165.359985,0,,
3/30/2005,1181.410034,0,,
3/31/2005,1180.589966,0,,
4/1/2005,1172.920044,0,,
4/4/2005,1176.119995,0,,
4/5/2005,1181.390015,0,,
4/6/2005,1184.069946,0,,
4/7/2005,1191.140015,-1,,
4/8/2005,1181.199951,-1,,
4/11/2005,1181.209961,-1,,
4/12/2005,1187.76001,-1,,
4/13/2005,1173.790039,-1,,
4/14/2005,1162.050049,-1,,
4/15/2005,1142.619995,-1,,
4/18/2005,1145.97998,-1,,
4/19/2005,1152.780029,-1,,
4/20/2005,1137.5,-1,,
4/21/2005,1159.949951,-1,,
4/22/2005,1152.119995,-1,,
4/25/2005,1162.099976,-1,,
4/26/2005,1151.829956,-1,,
4/27/2005,1156.380005,-1,,
4/28/2005,1143.219971,-1,,
4/29/2005,1156.849976,-1,,
5/2/2005,1162.160034,-1,,
5/3/2005,1161.170044,-1,,
5/4/2005,1175.650024,-1,,
5/5/2005,1172.630005,-1,,
5/6/2005,1171.349976,-1,,
5/9/2005,1178.839966,-1,,
5/10/2005,1166.219971,-1,,
5/11/2005,1171.109985,-1,,
5/12/2005,1159.359985,-1,,
5/13/2005,1154.050049,-1,,
5/16/2005,1165.689941,-1,,
5/17/2005,1173.800049,-1,,
5/18/2005,1185.560059,-1,,
5/19/2005,1191.079956,-1,,
5/20/2005,1189.280029,-1,,
5/23/2005,1193.859985,-1,,
5/24/2005,1194.069946,-1,,
5/25/2005,1190.01001,-1,,
5/26/2005,1197.619995,-1,,
5/27/2005,1198.780029,0,,
5/31/2005,1191.5,0,,
6/1/2005,1202.219971,0,,
6/2/2005,1204.290039,0,,
6/3/2005,1196.02002,0,,
6/6/2005,1197.51001,0,,
6/7/2005,1197.26001,0,,
6/8/2005,1194.670044,0,,
6/9/2005,1200.930054,0,,
6/10/2005,1198.109985,0,,
6/13/2005,1200.819946,0,,
6/14/2005,1203.910034,0,,
6/15/2005,1206.579956,0,,
6/16/2005,1210.959961,0,,
6/17/2005,1216.959961,0,,
6/20/2005,1216.099976,0,,
6/21/2005,1213.609985,0,,
6/22/2005,1213.880005,0,,
6/23/2005,1200.72998,0,,
6/24/2005,1191.569946,0,,
6/27/2005,1190.689941,0,,
6/28/2005,1201.569946,0,,
6/29/2005,1199.849976,0,,
6/30/2005,1191.329956,0,,
7/1/2005,1194.439941,0,,
7/5/2005,1204.98999,0,,
7/6/2005,1194.939941,0,,
7/7/2005,1197.869995,0,,
7/8/2005,1211.859985,0,,
7/11/2005,1219.439941,0,,
7/12/2005,1222.209961,0,,
7/13/2005,1223.290039,0,,
7/14/2005,1226.5,0,,
7/15/2005,1227.920044,0,,
7/18/2005,1221.130005,0,,
7/19/2005,1229.349976,0,,
7/20/2005,1235.199951,0,,
7/21/2005,1227.040039,0,,
7/22/2005,1233.680054,0,,
7/25/2005,1229.030029,0,,
7/26/2005,1231.160034,0,,
7/27/2005,1236.790039,0,,
7/28/2005,1243.719971,0,,
7/29/2005,1234.180054,1,,
8/1/2005,1235.349976,1,,
8/2/2005,1244.119995,1,,
8/3/2005,1245.040039,1,,
8/4/2005,1235.859985,1,,
8/5/2005,1226.420044,1,,
8/8/2005,1223.130005,1,,
8/9/2005,1231.380005,1,,
8/10/2005,1229.130005,1,,
8/11/2005,1237.810059,1,,
8/12/2005,1230.390015,1,,
8/15/2005,1233.869995,1,,
8/16/2005,1219.339966,1,,
8/17/2005,1220.23999,1,,
8/18/2005,1219.02002,1,,
8/19/2005,1219.709961,1,,
8/22/2005,1221.72998,1,,
8/23/2005,1217.589966,1,,
8/24/2005,1209.589966,1,,
8/25/2005,1212.369995,1,,
8/26/2005,1205.099976,1,,
8/29/2005,1212.280029,1,,
8/30/2005,1208.410034,1,,
8/31/2005,1220.329956,0,,
9/1/2005,1221.589966,0,,
9/2/2005,1218.02002,0,,
9/6/2005,1233.390015,0,,
9/7/2005,1236.359985,0,,
9/8/2005,1231.670044,0,,
9/9/2005,1241.47998,0,,
9/12/2005,1240.560059,0,,
9/13/2005,1231.199951,0,,
9/14/2005,1227.160034,0,,
9/15/2005,1227.72998,0,,
9/16/2005,1237.910034,0,,
9/19/2005,1231.02002,0,,
9/20/2005,1221.339966,0,,
9/21/2005,1210.199951,0,,
9/22/2005,1214.619995,0,,
9/23/2005,1215.290039,0,,
9/26/2005,1215.630005,0,,
9/27/2005,1215.660034,0,,
9/28/2005,1216.890015,0,,
9/29/2005,1227.680054,0,,
9/30/2005,1228.810059,0,,
10/3/2005,1226.699951,0,,
10/4/2005,1214.469971,0,,
10/5/2005,1196.390015,0,,
10/6/2005,1191.48999,0,,
10/7/2005,1195.900024,0,,
10/10/2005,1187.329956,0,,
10/11/2005,1184.869995,0,,
10/12/2005,1177.680054,0,,
10/13/2005,1176.839966,0,,
10/14/2005,1186.569946,0,,
10/17/2005,1190.099976,0,,
10/18/2005,1178.140015,0,,
10/19/2005,1195.76001,-1,,
10/20/2005,1177.800049,-1,,
10/21/2005,1179.589966,-1,,
10/24/2005,1199.380005,-1,,
10/25/2005,1196.540039,-1,,
10/26/2005,1191.380005,-1,,
10/27/2005,1178.900024,-1,,
10/28/2005,1198.410034,-1,,
10/31/2005,1207.01001,-1,,
11/1/2005,1202.76001,-1,,
11/2/2005,1214.76001,-1,,
11/3/2005,1219.939941,-1,,
11/4/2005,1220.140015,-1,,
11/7/2005,1222.810059,-1,,
11/8/2005,1218.589966,-1,,
11/9/2005,1220.650024,0,,
11/10/2005,1230.959961,0,,
11/11/2005,1234.719971,0,,
11/14/2005,1233.76001,0,,
11/15/2005,1229.01001,0,,
11/16/2005,1231.209961,0,,
11/17/2005,1242.800049,0,,
11/18/2005,1248.27002,0,,
11/21/2005,1254.849976,0,,
11/22/2005,1261.22998,1,,
11/23/2005,1265.609985,1,,
11/25/2005,1268.25,1,,
11/28/2005,1257.459961,1,,
11/29/2005,1257.47998,1,,
11/30/2005,1249.47998,1,,
12/1/2005,1264.670044,1,,
12/2/2005,1265.079956,1,,
12/5/2005,1262.089966,1,,
12/6/2005,1263.699951,1,,
12/7/2005,1257.369995,1,,
12/8/2005,1255.839966,1,,
12/9/2005,1259.369995,1,,
12/12/2005,1260.430054,1,,
12/13/2005,1267.430054,1,,
12/14/2005,1272.73999,1,,
12/15/2005,1270.939941,1,,
12/16/2005,1267.319946,1,,
12/19/2005,1259.920044,1,,
12/20/2005,1259.619995,1,,
12/21/2005,1262.790039,1,,
12/22/2005,1268.119995,1,,
12/23/2005,1268.660034,1,,
12/27/2005,1256.540039,1,,
12/28/2005,1258.170044,1,,
12/29/2005,1254.420044,1,,
12/30/2005,1248.290039,1,,
1/3/2006,1268.800049,1,,
1/4/2006,1273.459961,1,,
1/5/2006,1273.47998,1,,
1/6/2006,1285.449951,0,,
1/9/2006,1290.150024,0,,
1/10/2006,1289.689941,0,,
1/11/2006,1294.180054,0,,
1/12/2006,1286.060059,0,,
1/13/2006,1287.609985,0,,
1/17/2006,1282.930054,0,,
1/18/2006,1277.930054,0,,
1/19/2006,1285.040039,0,,
1/20/2006,1261.48999,0,,
1/23/2006,1263.819946,0,,
1/24/2006,1266.859985,0,,
1/25/2006,1264.680054,0,,
1/26/2006,1273.829956,0,,
1/27/2006,1283.719971,0,,
1/30/2006,1285.189941,0,,
1/31/2006,1280.079956,0,,
2/1/2006,1282.459961,0,,
2/2/2006,1270.839966,0,,
2/3/2006,1264.030029,0,,
2/6/2006,1265.02002,0,,
2/7/2006,1254.780029,0,,
2/8/2006,1265.650024,0,,
2/9/2006,1263.780029,0,,
2/10/2006,1266.98999,0,,
2/13/2006,1262.859985,0,,
2/14/2006,1275.530029,0,,
2/15/2006,1280,0,,
2/16/2006,1289.380005,0,,
2/17/2006,1287.23999,0,,
2/21/2006,1283.030029,0,,
2/22/2006,1292.670044,0,,
2/23/2006,1287.790039,0,,
2/24/2006,1289.430054,0,,
2/27/2006,1294.119995,0,,
2/28/2006,1280.660034,0,,
3/1/2006,1291.23999,0,,
3/2/2006,1289.140015,0,,
3/3/2006,1287.22998,0,,
3/6/2006,1278.26001,0,,
3/7/2006,1275.880005,0,,
3/8/2006,1278.469971,0,,
3/9/2006,1272.22998,0,,
3/10/2006,1281.420044,0,,
3/13/2006,1284.130005,0,,
3/14/2006,1297.47998,0,,
3/15/2006,1303.02002,0,,
3/16/2006,1305.329956,0,,
3/17/2006,1307.25,0,,
3/20/2006,1305.079956,0,,
3/21/2006,1297.22998,0,,
3/22/2006,1305.040039,0,,
3/23/2006,1301.670044,0,,
3/24/2006,1302.949951,0,,
3/27/2006,1301.609985,0,,
3/28/2006,1293.22998,0,,
3/29/2006,1302.890015,0,,
3/30/2006,1300.25,0,,
3/31/2006,1294.869995,0,,
4/3/2006,1297.810059,0,,
4/4/2006,1305.930054,0,,
4/5/2006,1311.560059,0,,
4/6/2006,1309.040039,0,,
4/7/2006,1295.5,0,,
4/10/2006,1296.619995,0,,
4/11/2006,1286.569946,0,,
4/12/2006,1288.119995,0,,
4/13/2006,1289.119995,0,,
4/17/2006,1285.329956,0,,
4/18/2006,1307.280029,0,,
4/19/2006,1309.930054,0,,
4/20/2006,1311.459961,0,,
4/21/2006,1311.280029,0,,
4/24/2006,1308.109985,0,,
4/25/2006,1301.73999,0,,
4/26/2006,1305.410034,0,,
4/27/2006,1309.719971,0,,
4/28/2006,1310.609985,0,,
5/1/2006,1305.189941,0,,
5/2/2006,1313.209961,0,,
5/3/2006,1308.119995,0,,
5/4/2006,1312.25,0,,
5/5/2006,1325.76001,0,,
5/8/2006,1324.660034,0,,
5/9/2006,1325.140015,0,,
5/10/2006,1322.849976,0,,
5/11/2006,1305.920044,0,,
5/12/2006,1291.23999,0,,
5/15/2006,1294.5,0,,
5/16/2006,1292.079956,0,,
5/17/2006,1270.319946,0,,
5/18/2006,1261.810059,0,,
5/19/2006,1267.030029,0,,
5/22/2006,1262.069946,0,,
5/23/2006,1256.579956,0,,
5/24/2006,1258.569946,0,,
5/25/2006,1272.880005,0,,
5/26/2006,1280.160034,0,,
5/30/2006,1259.869995,0,,
5/31/2006,1270.089966,0,,
6/1/2006,1285.709961,-1,,
6/2/2006,1288.219971,-1,,
6/5/2006,1265.290039,-1,,
6/6/2006,1263.849976,-1,,
6/7/2006,1256.150024,-1,,
6/8/2006,1257.930054,-1,,
6/9/2006,1252.300049,-1,,
6/12/2006,1237.439941,-1,,
6/13/2006,1223.689941,-1,,
6/14/2006,1230.040039,-1,,
6/15/2006,1256.160034,-1,,
6/16/2006,1251.540039,-1,,
6/19/2006,1240.130005,-1,,
6/20/2006,1240.119995,-1,,
6/21/2006,1252.199951,-1,,
6/22/2006,1245.599976,-1,,
6/23/2006,1244.5,-1,,
6/26/2006,1250.560059,-1,,
6/27/2006,1239.199951,-1,,
6/28/2006,1246,-1,,
6/29/2006,1272.869995,-1,,
6/30/2006,1270.199951,-1,,
7/3/2006,1280.189941,-1,,
7/5/2006,1270.910034,-1,,
7/6/2006,1274.079956,-1,,
7/7/2006,1265.47998,-1,,
7/10/2006,1267.339966,-1,,
7/11/2006,1272.430054,0,,
7/12/2006,1258.599976,0,,
7/13/2006,1242.280029,0,,
7/14/2006,1236.199951,0,,
7/17/2006,1234.48999,0,,
7/18/2006,1236.859985,0,,
7/19/2006,1259.810059,0,,
7/20/2006,1249.130005,0,,
7/21/2006,1240.290039,0,,
7/24/2006,1260.910034,0,,
7/25/2006,1268.880005,0,,
7/26/2006,1268.400024,0,,
7/27/2006,1263.199951,0,,
7/28/2006,1278.550049,0,,
7/31/2006,1276.660034,0,,
8/1/2006,1270.920044,0,,
8/2/2006,1277.410034,0,,
8/3/2006,1280.27002,0,,
8/4/2006,1279.359985,0,,
8/7/2006,1275.77002,0,,
8/8/2006,1271.47998,0,,
8/9/2006,1265.949951,0,,
8/10/2006,1271.810059,0,,
8/11/2006,1266.73999,0,,
8/14/2006,1268.209961,0,,
8/15/2006,1285.579956,0,,
8/16/2006,1295.430054,0,,
8/17/2006,1297.47998,0,,
8/18/2006,1302.300049,0,,
8/21/2006,1297.52002,0,,
8/22/2006,1298.819946,0,,
8/23/2006,1292.98999,0,,
8/24/2006,1296.060059,0,,
8/25/2006,1295.089966,0,,
8/28/2006,1301.780029,0,,
8/29/2006,1304.280029,0,,
8/30/2006,1305.369995,0,,
8/31/2006,1303.819946,0,,
9/1/2006,1311.01001,0,,
9/5/2006,1313.25,0,,
9/6/2006,1300.26001,0,,
9/7/2006,1294.02002,0,,
9/8/2006,1298.920044,1,,
9/11/2006,1299.540039,1,,
9/12/2006,1313,1,,
9/13/2006,1318.069946,1,,
9/14/2006,1316.280029,1,,
9/15/2006,1319.660034,1,,
9/18/2006,1321.180054,1,,
9/19/2006,1317.640015,1,,
9/20/2006,1325.180054,1,,
9/21/2006,1318.030029,1,,
9/22/2006,1314.780029,1,,
9/25/2006,1326.369995,1,,
9/26/2006,1336.349976,1,,
9/27/2006,1336.589966,1,,
9/28/2006,1338.880005,1,,
9/29/2006,1335.849976,1,,
10/2/2006,1331.319946,1,,
10/3/2006,1334.109985,1,,
10/4/2006,1350.199951,1,,
10/5/2006,1353.219971,1,,
10/6/2006,1349.589966,1,,
10/9/2006,1350.660034,1,,
10/10/2006,1353.420044,1,,
10/11/2006,1349.949951,1,,
10/12/2006,1362.829956,1,,
10/13/2006,1365.619995,1,,
10/16/2006,1369.060059,1,,
10/17/2006,1364.050049,1,,
10/18/2006,1365.800049,1,,
10/19/2006,1366.959961,1,,
10/20/2006,1368.599976,1,,
10/23/2006,1377.02002,1,,
10/24/2006,1377.380005,1,,
10/25/2006,1382.219971,1,,
10/26/2006,1389.079956,1,,
10/27/2006,1377.339966,1,,
10/30/2006,1377.930054,1,,
10/31/2006,1377.939941,1,,
11/1/2006,1367.810059,1,,
11/2/2006,1367.339966,1,,
11/3/2006,1364.300049,1,,
11/6/2006,1379.780029,1,,
11/7/2006,1382.839966,1,,
11/8/2006,1385.719971,1,,
11/9/2006,1378.329956,1,,
11/10/2006,1380.900024,1,,
11/13/2006,1384.420044,1,,
11/14/2006,1393.219971,1,,
11/15/2006,1396.569946,1,,
11/16/2006,1399.76001,1,,
11/17/2006,1401.199951,1,,
11/20/2006,1400.5,1,,
11/21/2006,1402.810059,1,,
11/22/2006,1406.089966,1,,
11/24/2006,1400.949951,1,,
11/27/2006,1381.959961,1,,
11/28/2006,1386.719971,1,,
11/29/2006,1399.47998,1,,
11/30/2006,1400.630005,1,,
12/1/2006,1396.709961,1,,
12/4/2006,1409.119995,1,,
12/5/2006,1414.76001,1,,
12/6/2006,1412.900024,1,,
12/7/2006,1407.290039,1,,
12/8/2006,1409.839966,1,,
12/11/2006,1413.040039,1,,
12/12/2006,1411.560059,1,,
12/13/2006,1413.209961,1,,
12/14/2006,1425.48999,1,,
12/15/2006,1427.089966,1,,
12/18/2006,1422.47998,1,,
12/19/2006,1425.550049,1,,
12/20/2006,1423.530029,1,,
12/21/2006,1418.300049,1,,
12/22/2006,1410.76001,1,,
12/26/2006,1416.900024,1,,
12/27/2006,1426.839966,1,,
12/28/2006,1424.72998,1,,
12/29/2006,1418.300049,1,,
1/3/2007,1416.599976,1,,
1/4/2007,1418.339966,0,,
1/5/2007,1409.709961,0,,
1/8/2007,1412.839966,0,,
1/9/2007,1412.109985,0,,
1/10/2007,1414.849976,0,,
1/11/2007,1423.819946,0,,
1/12/2007,1430.72998,0,,
1/16/2007,1431.900024,0,,
1/17/2007,1430.619995,0,,
1/18/2007,1426.369995,0,,
1/19/2007,1430.5,0,,
1/22/2007,1422.949951,0,,
1/23/2007,1427.98999,0,,
1/24/2007,1440.130005,0,,
1/25/2007,1423.900024,0,,
1/26/2007,1422.180054,0,,
1/29/2007,1420.619995,0,,
1/30/2007,1428.819946,0,,
1/31/2007,1438.23999,0,,
2/1/2007,1445.939941,0,,
2/2/2007,1448.390015,0,,
2/5/2007,1446.98999,0,,
2/6/2007,1448,0,,
2/7/2007,1450.02002,0,,
2/8/2007,1448.310059,0,,
2/9/2007,1438.060059,0,,
2/12/2007,1433.369995,0,,
2/13/2007,1444.26001,0,,
2/14/2007,1455.300049,0,,
2/15/2007,1456.810059,0,,
2/16/2007,1455.540039,0,,
2/20/2007,1459.680054,0,,
2/21/2007,1457.630005,0,,
2/22/2007,1456.380005,0,,
2/23/2007,1451.189941,0,,
2/26/2007,1449.369995,0,,
2/27/2007,1399.040039,0,,
2/28/2007,1406.819946,0,,
3/1/2007,1403.170044,0,,
3/2/2007,1387.170044,0,,
3/5/2007,1374.119995,0,,
3/6/2007,1395.410034,0,,
3/7/2007,1391.969971,0,,
3/8/2007,1401.890015,0,,
3/9/2007,1402.839966,0,,
3/12/2007,1406.599976,0,,
3/13/2007,1377.949951,0,,
3/14/2007,1387.170044,0,,
3/15/2007,1392.280029,0,,
3/16/2007,1386.949951,0,,
3/19/2007,1402.060059,0,,
3/20/2007,1410.939941,0,,
3/21/2007,1435.040039,0,,
3/22/2007,1434.540039,0,,
3/23/2007,1436.109985,0,,
3/26/2007,1437.5,0,,
3/27/2007,1428.609985,0,,
3/28/2007,1417.22998,0,,
3/29/2007,1422.530029,0,,
3/30/2007,1420.859985,0,,
4/2/2007,1424.550049,0,,
4/3/2007,1437.77002,0,,
4/4/2007,1439.369995,0,,
4/5/2007,1443.76001,0,,
4/9/2007,1444.609985,0,,
4/10/2007,1448.390015,0,,
4/11/2007,1438.869995,0,,
4/12/2007,1447.800049,0,,
4/13/2007,1452.849976,0,,
4/16/2007,1468.329956,0,,
4/17/2007,1471.47998,0,,
4/18/2007,1472.5,0,,
4/19/2007,1470.72998,0,,
4/20/2007,1484.349976,0,,
4/23/2007,1480.930054,0,,
4/24/2007,1480.410034,0,,
4/25/2007,1495.420044,0,,
4/26/2007,1494.25,0,,
4/27/2007,1494.069946,0,,
4/30/2007,1482.369995,0,,
5/1/2007,1486.300049,0,,
5/2/2007,1495.920044,0,,
5/3/2007,1502.390015,0,,
5/4/2007,1505.619995,1,,
5/7/2007,1509.47998,1,,
5/8/2007,1507.719971,1,,
5/9/2007,1512.579956,1,,
5/10/2007,1491.469971,1,,
5/11/2007,1505.849976,1,,
5/14/2007,1503.150024,1,,
5/15/2007,1501.189941,1,,
5/16/2007,1514.140015,1,,
5/17/2007,1512.75,1,,
5/18/2007,1522.75,1,,
5/21/2007,1525.099976,1,,
5/22/2007,1524.119995,1,,
5/23/2007,1522.280029,1,,
5/24/2007,1507.51001,1,,
5/25/2007,1515.72998,1,,
5/29/2007,1518.109985,1,,
5/30/2007,1530.22998,1,,
5/31/2007,1530.619995,1,,
6/1/2007,1536.339966,1,,
6/4/2007,1539.180054,1,,
6/5/2007,1530.949951,1,,
6/6/2007,1517.380005,1,,
6/7/2007,1490.719971,1,,
6/8/2007,1507.670044,1,,
6/11/2007,1509.119995,1,,
6/12/2007,1493,1,,
6/13/2007,1515.670044,1,,
6/14/2007,1522.969971,1,,
6/15/2007,1532.910034,1,,
6/18/2007,1531.050049,1,,
6/19/2007,1533.699951,0,,
6/20/2007,1512.839966,0,,
6/21/2007,1522.189941,0,,
6/22/2007,1502.560059,0,,
6/25/2007,1497.73999,0,,
6/26/2007,1492.890015,0,,
6/27/2007,1506.339966,0,,
6/28/2007,1505.709961,0,,
6/29/2007,1503.349976,0,,
7/2/2007,1519.430054,0,,
7/3/2007,1524.869995,0,,
7/5/2007,1525.400024,0,,
7/6/2007,1530.439941,0,,
7/9/2007,1531.849976,0,,
7/10/2007,1510.119995,0,,
7/11/2007,1518.76001,0,,
7/12/2007,1547.699951,0,,
7/13/2007,1552.5,0,,
7/16/2007,1549.52002,0,,
7/17/2007,1549.369995,0,,
7/18/2007,1546.170044,0,,
7/19/2007,1553.079956,0,,
7/20/2007,1534.099976,0,,
7/23/2007,1541.569946,0,,
7/24/2007,1511.040039,0,,
7/25/2007,1518.089966,0,,
7/26/2007,1482.660034,0,,
7/27/2007,1458.949951,0,,
7/30/2007,1473.910034,0,,
7/31/2007,1455.27002,0,,
8/1/2007,1465.810059,0,,
8/2/2007,1472.199951,0,,
8/3/2007,1433.060059,0,,
8/6/2007,1467.670044,0,,
8/7/2007,1476.709961,0,,
8/8/2007,1497.48999,0,,
8/9/2007,1453.089966,0,,
8/10/2007,1453.640015,0,,
8/13/2007,1452.920044,-1,,
8/14/2007,1426.540039,-1,,
8/15/2007,1406.699951,-1,,
8/16/2007,1411.27002,-1,,
8/17/2007,1445.939941,-1,,
8/20/2007,1445.550049,-1,,
8/21/2007,1447.119995,-1,,
8/22/2007,1464.069946,-1,,
8/23/2007,1462.5,-1,,
8/24/2007,1479.369995,-1,,
8/27/2007,1466.790039,-1,,
8/28/2007,1432.359985,-1,,
8/29/2007,1463.76001,-1,,
8/30/2007,1457.640015,-1,,
8/31/2007,1473.98999,-1,,
9/4/2007,1489.420044,-1,,
9/5/2007,1472.290039,-1,,
9/6/2007,1478.550049,-1,,
9/7/2007,1453.550049,-1,,
9/10/2007,1451.699951,-1,,
9/11/2007,1471.48999,-1,,
9/12/2007,1471.560059,-1,,
9/13/2007,1483.949951,-1,,
9/14/2007,1484.25,-1,,
9/17/2007,1476.650024,-1,,
9/18/2007,1519.780029,-1,,
9/19/2007,1529.030029,-1,,
9/20/2007,1518.75,-1,,
9/21/2007,1525.75,-1,,
9/24/2007,1517.72998,-1,,
9/25/2007,1517.209961,-1,,
9/26/2007,1525.420044,-1,,
9/27/2007,1531.380005,0,,
9/28/2007,1526.75,0,,
10/1/2007,1547.040039,1,,
10/2/2007,1546.630005,1,,
10/3/2007,1539.589966,1,,
10/4/2007,1542.839966,1,,
10/5/2007,1557.589966,1,,
10/8/2007,1552.579956,1,,
10/9/2007,1565.150024,1,,
10/10/2007,1562.469971,1,,
10/11/2007,1554.410034,1,,
10/12/2007,1561.800049,1,,
10/15/2007,1548.709961,1,,
10/16/2007,1538.530029,1,,
10/17/2007,1541.23999,1,,
10/18/2007,1540.079956,1,,
10/19/2007,1500.630005,1,,
10/22/2007,1506.329956,1,,
10/23/2007,1519.589966,1,,
10/24/2007,1515.880005,1,,
10/25/2007,1514.400024,1,,
10/26/2007,1535.280029,1,,
10/29/2007,1540.97998,1,,
10/30/2007,1531.02002,1,,
10/31/2007,1549.380005,0,,
11/1/2007,1508.439941,0,,
11/2/2007,1509.650024,0,,
11/5/2007,1502.170044,0,,
11/6/2007,1520.27002,0,,
11/7/2007,1475.619995,0,,
11/8/2007,1474.77002,0,,
11/9/2007,1453.699951,0,,
11/12/2007,1439.180054,0,,
11/13/2007,1481.050049,0,,
11/14/2007,1470.579956,0,,
11/15/2007,1451.150024,0,,
11/16/2007,1458.73999,0,,
11/19/2007,1433.27002,0,,
11/20/2007,1439.699951,0,,
11/21/2007,1416.77002,-1,,
11/23/2007,1440.699951,-1,,
11/26/2007,1407.219971,-1,,
11/27/2007,1428.22998,-1,,
11/28/2007,1469.02002,-1,,
11/29/2007,1469.719971,-1,,
11/30/2007,1481.140015,-1,,
12/3/2007,1472.420044,-1,,
12/4/2007,1462.790039,-1,,
12/5/2007,1485.01001,-1,,
12/6/2007,1507.339966,-1,,
12/7/2007,1504.660034,-1,,
12/10/2007,1515.959961,-1,,
12/11/2007,1477.650024,-1,,
12/12/2007,1486.589966,0,,
12/13/2007,1488.410034,0,,
12/14/2007,1467.949951,0,,
12/17/2007,1445.900024,0,,
12/18/2007,1454.97998,0,,
12/19/2007,1453,0,,
12/20/2007,1460.119995,0,,
12/21/2007,1484.459961,0,,
12/24/2007,1496.449951,0,,
12/26/2007,1497.660034,0,,
12/27/2007,1476.27002,0,,
12/28/2007,1478.48999,0,,
12/31/2007,1468.359985,0,,
1/2/2008,1447.160034,0,,
1/3/2008,1447.160034,0,,
1/4/2008,1411.630005,0,,
1/7/2008,1416.180054,0,,
1/8/2008,1390.189941,0,,
1/9/2008,1409.130005,0,,
1/10/2008,1420.329956,0,,
1/11/2008,1401.02002,0,,
1/14/2008,1416.25,0,,
1/15/2008,1380.949951,0,,
1/16/2008,1373.199951,0,,
1/17/2008,1333.25,0,,
1/18/2008,1325.189941,-1,,
1/22/2008,1310.5,-1,,
1/23/2008,1338.599976,-1,,
1/24/2008,1352.069946,-1,,
1/25/2008,1330.609985,-1,,
1/28/2008,1353.959961,-1,,
1/29/2008,1362.300049,-1,,
1/30/2008,1355.810059,-1,,
1/31/2008,1378.550049,-1,,
2/1/2008,1395.420044,-1,,
2/4/2008,1380.819946,-1,,
2/5/2008,1336.640015,-1,,
2/6/2008,1326.449951,-1,,
2/7/2008,1336.910034,-1,,
2/8/2008,1331.290039,-1,,
2/11/2008,1339.130005,-1,,
2/12/2008,1348.859985,-1,,
2/13/2008,1367.209961,-1,,
2/14/2008,1348.859985,-1,,
2/15/2008,1349.98999,-1,,
2/19/2008,1348.780029,-1,,
2/20/2008,1360.030029,-1,,
2/21/2008,1342.530029,-1,,
2/22/2008,1353.109985,-1,,
2/25/2008,1371.800049,-1,,
2/26/2008,1381.290039,-1,,
2/27/2008,1380.02002,-1,,
2/28/2008,1367.680054,-1,,
2/29/2008,1330.630005,-1,,
3/3/2008,1331.339966,-1,,
3/4/2008,1326.75,-1,,
3/5/2008,1333.699951,-1,,
3/6/2008,1304.339966,-1,,
3/7/2008,1293.369995,-1,,
3/10/2008,1273.369995,-1,,
3/11/2008,1320.650024,-1,,
3/12/2008,1308.77002,-1,,
3/13/2008,1315.47998,-1,,
3/14/2008,1288.140015,-1,,
3/17/2008,1276.599976,-1,,
3/18/2008,1330.73999,-1,,
3/19/2008,1298.420044,-1,,
3/20/2008,1329.51001,-1,,
3/24/2008,1349.880005,-1,,
3/25/2008,1352.98999,-1,,
3/26/2008,1341.130005,-1,,
3/27/2008,1325.76001,-1,,
3/28/2008,1315.219971,-1,,
3/31/2008,1322.699951,-1,,
4/1/2008,1370.180054,-1,,
4/2/2008,1367.530029,0,,
4/3/2008,1369.310059,0,,
4/4/2008,1370.400024,0,,
4/7/2008,1372.540039,0,,
4/8/2008,1365.540039,0,,
4/9/2008,1354.48999,0,,
4/10/2008,1360.550049,0,,
4/11/2008,1332.829956,0,,
4/14/2008,1328.319946,0,,
4/15/2008,1334.430054,0,,
4/16/2008,1364.709961,0,,
4/17/2008,1365.560059,0,,
4/18/2008,1390.329956,0,,
4/21/2008,1388.170044,0,,
4/22/2008,1375.939941,0,,
4/23/2008,1379.930054,0,,
4/24/2008,1388.819946,0,,
4/25/2008,1397.839966,0,,
4/28/2008,1396.369995,0,,
4/29/2008,1390.939941,0,,
4/30/2008,1385.589966,0,,
5/1/2008,1409.339966,0,,
5/2/2008,1413.900024,0,,
5/5/2008,1407.48999,0,,
5/6/2008,1418.26001,0,,
5/7/2008,1392.569946,0,,
5/8/2008,1397.680054,0,,
5/9/2008,1388.280029,0,,
5/12/2008,1403.579956,0,,
5/13/2008,1403.040039,1,,
5/14/2008,1408.660034,1,,
5/15/2008,1423.569946,1,,
5/16/2008,1425.349976,1,,
5/19/2008,1426.630005,1,,
5/20/2008,1413.400024,1,,
5/21/2008,1390.709961,1,,
5/22/2008,1394.349976,1,,
5/23/2008,1375.930054,1,,
5/27/2008,1385.349976,1,,
5/28/2008,1390.839966,1,,
5/29/2008,1398.26001,1,,
5/30/2008,1400.380005,1,,
6/2/2008,1385.670044,1,,
6/3/2008,1377.650024,1,,
6/4/2008,1377.199951,0,,
6/5/2008,1404.050049,0,,
6/6/2008,1360.680054,0,,
6/9/2008,1361.76001,0,,
6/10/2008,1358.439941,0,,
6/11/2008,1335.48999,0,,
6/12/2008,1339.869995,0,,
6/13/2008,1360.030029,0,,
6/16/2008,1360.140015,0,,
6/17/2008,1350.930054,0,,
6/18/2008,1337.810059,0,,
6/19/2008,1342.829956,0,,
6/20/2008,1317.930054,0,,
6/23/2008,1318,0,,
6/24/2008,1314.290039,0,,
6/25/2008,1321.969971,0,,
6/26/2008,1283.150024,0,,
6/27/2008,1278.380005,0,,
6/30/2008,1280,-1,,
7/1/2008,1284.910034,-1,,
7/2/2008,1261.52002,-1,,
7/3/2008,1262.900024,-1,,
7/7/2008,1252.310059,-1,,
7/8/2008,1273.699951,-1,,
7/9/2008,1244.689941,-1,,
7/10/2008,1253.390015,-1,,
7/11/2008,1239.48999,-1,,
7/14/2008,1228.300049,-1,,
7/15/2008,1214.910034,-1,,
7/16/2008,1245.359985,-1,,
7/17/2008,1260.319946,-1,,
7/18/2008,1260.680054,-1,,
7/21/2008,1260,-1,,
7/22/2008,1277,-1,,
7/23/2008,1282.189941,-1,,
7/24/2008,1252.540039,-1,,
7/25/2008,1257.76001,-1,,
7/28/2008,1234.369995,-1,,
7/29/2008,1263.199951,-1,,
7/30/2008,1284.26001,-1,,
7/31/2008,1267.380005,-1,,
8/1/2008,1260.310059,-1,,
8/4/2008,1249.01001,-1,,
8/5/2008,1284.880005,-1,,
8/6/2008,1289.189941,-1,,
8/7/2008,1266.069946,-1,,
8/8/2008,1296.319946,-1,,
8/11/2008,1305.319946,-1,,
8/12/2008,1289.589966,-1,,
8/13/2008,1285.829956,-1,,
8/14/2008,1292.930054,-1,,
8/15/2008,1298.199951,-1,,
8/18/2008,1278.599976,0,,
8/19/2008,1266.689941,0,,
8/20/2008,1274.540039,0,,
8/21/2008,1277.719971,0,,
8/22/2008,1292.199951,0,,
8/25/2008,1266.839966,0,,
8/26/2008,1271.51001,0,,
8/27/2008,1281.660034,0,,
8/28/2008,1300.680054,0,,
8/29/2008,1282.829956,0,,
9/2/2008,1277.579956,0,,
9/3/2008,1274.97998,0,,
9/4/2008,1236.829956,0,,
9/5/2008,1242.310059,0,,
9/8/2008,1267.790039,0,,
9/9/2008,1224.51001,0,,
9/10/2008,1232.040039,0,,
9/11/2008,1249.050049,0,,
9/12/2008,1251.699951,0,,
9/15/2008,1192.699951,0,,
9/16/2008,1213.599976,0,,
9/17/2008,1156.390015,0,,
9/18/2008,1206.51001,0,,
9/19/2008,1255.079956,0,,
9/22/2008,1207.089966,0,,
9/23/2008,1188.219971,0,,
9/24/2008,1185.869995,0,,
9/25/2008,1209.180054,-1,,
9/26/2008,1213.27002,-1,,
9/29/2008,1106.420044,-1,,
9/30/2008,1166.359985,-1,,
10/1/2008,1161.060059,-1,,
10/2/2008,1114.280029,-1,,
10/3/2008,1099.22998,-1,,
10/6/2008,1056.890015,-1,,
10/7/2008,996.2299805,-1,,
10/8/2008,984.9400024,-1,,
10/9/2008,909.9199829,-1,,
10/10/2008,899.2199707,-1,,
10/13/2008,1003.349976,-1,,
10/14/2008,998.0100098,-1,,
10/15/2008,907.8400269,-1,,
10/16/2008,946.4299927,-1,,
10/17/2008,940.5499878,-1,,
10/20/2008,985.4000244,-1,,
10/21/2008,955.0499878,-1,,
10/22/2008,896.7800293,-1,,
10/23/2008,908.1099854,-1,,
10/24/2008,876.7700195,-1,,
10/27/2008,848.9199829,-1,,
10/28/2008,940.5100098,-1,,
10/29/2008,930.0900269,-1,,
10/30/2008,954.0900269,-1,,
10/31/2008,968.75,-1,,
11/3/2008,966.2999878,-1,,
11/4/2008,1005.75,-1,,
11/5/2008,952.7700195,-1,,
11/6/2008,904.8800049,-1,,
11/7/2008,930.9899902,-1,,
11/10/2008,919.210022,-1,,
11/11/2008,898.9500122,-1,,
11/12/2008,852.2999878,-1,,
11/13/2008,911.289978,-1,,
11/14/2008,873.289978,-1,,
11/17/2008,850.75,-1,,
11/18/2008,859.1199951,-1,,
11/19/2008,806.5800171,-1,,
11/20/2008,752.4400024,-1,,
11/21/2008,800.0300293,-1,,
11/24/2008,851.8099976,-1,,
11/25/2008,857.3900146,-1,,
11/26/2008,887.6799927,-1,,
11/28/2008,896.2399902,-1,,
12/1/2008,816.210022,-1,,
12/2/2008,848.8099976,-1,,
12/3/2008,870.7399902,-1,,
12/4/2008,845.2199707,-1,,
12/5/2008,876.0700073,-1,,
12/8/2008,909.7000122,-1,,
12/9/2008,888.6699829,-1,,
12/10/2008,899.2399902,-1,,
12/11/2008,873.5900269,-1,,
12/12/2008,879.7299805,-1,,
12/15/2008,868.5700073,-1,,
12/16/2008,913.1799927,-1,,
12/17/2008,904.4199829,-1,,
12/18/2008,885.2800293,-1,,
12/19/2008,887.8800049,-1,,
12/22/2008,871.6300049,-1,,
12/23/2008,863.1599731,-1,,
12/24/2008,868.1500244,-1,,
12/26/2008,872.7999878,-1,,
12/29/2008,869.4199829,-1,,
12/30/2008,890.6400146,-1,,
12/31/2008,903.25,-1,,
1/2/2009,931.7999878,-1,,
1/5/2009,927.4500122,-1,,
1/6/2009,934.7000122,-1,,
1/7/2009,906.6500244,-1,,
1/8/2009,909.7299805,-1,,
1/9/2009,890.3499756,-1,,
1/12/2009,870.2600098,-1,,
1/13/2009,871.789978,0,,
1/14/2009,842.6199951,0,,
1/15/2009,843.7399902,0,,
1/16/2009,850.1199951,0,,
1/20/2009,805.2199707,0,,
1/21/2009,840.2399902,0,,
1/22/2009,827.5,0,,
1/23/2009,831.9500122,0,,
1/26/2009,836.5700073,0,,
1/27/2009,845.710022,0,,
1/28/2009,874.0900269,0,,
1/29/2009,845.1400146,-1,,
1/30/2009,825.8800049,-1,,
2/2/2009,825.4400024,-1,,
2/3/2009,838.5100098,-1,,
2/4/2009,832.2299805,-1,,
2/5/2009,845.8499756,-1,,
2/6/2009,868.5999756,-1,,
2/9/2009,869.8900146,-1,,
2/10/2009,827.1599731,-1,,
2/11/2009,833.7399902,-1,,
2/12/2009,835.1900024,-1,,
2/13/2009,826.8400269,-1,,
2/17/2009,789.1699829,-1,,
2/18/2009,788.4199829,-1,,
2/19/2009,778.9400024,-1,,
2/20/2009,770.0499878,-1,,
2/23/2009,743.3300171,-1,,
2/24/2009,773.1400146,-1,,
2/25/2009,764.9000244,-1,,
2/26/2009,752.8300171,-1,,
2/27/2009,735.0900269,-1,,
3/2/2009,700.8200073,-1,,
3/3/2009,696.3300171,-1,,
3/4/2009,712.8699951,-1,,
3/5/2009,682.5499878,-1,,
3/6/2009,683.3800049,-1,,
3/9/2009,676.5300293,-1,,
3/10/2009,719.5999756,-1,,
3/11/2009,721.3599854,-1,,
3/12/2009,750.7399902,-1,,
3/13/2009,756.5499878,-1,,
3/16/2009,753.8900146,-1,,
3/17/2009,778.1199951,-1,,
3/18/2009,794.3499756,-1,,
3/19/2009,784.039978,-1,,
3/20/2009,768.539978,-1,,
3/23/2009,822.9199829,-1,,
3/24/2009,806.1199951,-1,,
3/25/2009,813.8800049,-1,,
3/26/2009,832.8599854,-1,,
3/27/2009,815.9400024,0,,
3/30/2009,787.5300293,0,,
3/31/2009,797.8699951,0,,
4/1/2009,811.0800171,0,,
4/2/2009,834.3800049,0,,
4/3/2009,842.5,0,,
4/6/2009,835.4799805,0,,
4/7/2009,815.5499878,0,,
4/8/2009,825.1599731,0,,
4/9/2009,856.5599976,0,,
4/13/2009,858.7299805,0,,
4/14/2009,841.5,0,,
4/15/2009,852.0599976,0,,
4/16/2009,865.2999878,0,,
4/17/2009,869.5999756,0,,
4/20/2009,832.3900146,0,,
4/21/2009,850.0800171,0,,
4/22/2009,843.5499878,0,,
4/23/2009,851.9199829,0,,
4/24/2009,866.2299805,0,,
4/27/2009,857.5100098,0,,
4/28/2009,855.1599731,0,,
4/29/2009,873.6400146,0,,
4/30/2009,872.8099976,0,,
5/1/2009,877.5200195,0,,
5/4/2009,907.2399902,0,,
5/5/2009,903.7999878,0,,
5/6/2009,919.5300293,0,,
5/7/2009,907.3900146,0,,
5/8/2009,929.2299805,0,,
5/11/2009,909.2399902,0,,
5/12/2009,908.3499756,0,,
5/13/2009,883.9199829,0,,
5/14/2009,893.0700073,0,,
5/15/2009,882.8800049,0,,
5/18/2009,909.710022,1,,
5/19/2009,908.1300049,1,,
5/20/2009,903.4699707,1,,
5/21/2009,888.3300171,1,,
5/22/2009,887,1,,
5/26/2009,910.3300171,1,,
5/27/2009,893.0599976,1,,
5/28/2009,906.8300171,1,,
5/29/2009,919.1400146,1,,
6/1/2009,942.8699951,1,,
6/2/2009,944.7399902,1,,
6/3/2009,931.7600098,1,,
6/4/2009,942.460022,1,,
6/5/2009,940.0900269,1,,
6/8/2009,939.1400146,1,,
6/9/2009,942.4299927,1,,
6/10/2009,939.1500244,1,,
6/11/2009,944.8900146,1,,
6/12/2009,946.210022,1,,
6/15/2009,923.7199707,1,,
6/16/2009,911.9699707,1,,
6/17/2009,910.710022,1,,
6/18/2009,918.3699951,1,,
6/19/2009,921.2299805,1,,
6/22/2009,893.039978,1,,
6/23/2009,895.0999756,1,,
6/24/2009,900.9400024,1,,
6/25/2009,920.2600098,0,,
6/26/2009,918.9000244,0,,
6/29/2009,927.2299805,0,,
6/30/2009,919.3200073,0,,
7/1/2009,923.3300171,0,,
7/2/2009,896.4199829,0,,
7/6/2009,898.7199707,0,,
7/7/2009,881.0300293,0,,
7/8/2009,879.5599976,0,,
7/9/2009,882.6799927,0,,
7/10/2009,879.1300049,0,,
7/13/2009,901.0499878,0,,
7/14/2009,905.8400269,0,,
7/15/2009,932.6799927,0,,
7/16/2009,940.7399902,0,,
7/17/2009,940.3800049,0,,
7/20/2009,951.1300049,0,,
7/21/2009,954.5800171,0,,
7/22/2009,954.0700073,0,,
7/23/2009,976.289978,0,,
7/24/2009,979.2600098,0,,
7/27/2009,982.1799927,0,,
7/28/2009,979.6199951,0,,
7/29/2009,975.1500244,0,,
7/30/2009,986.75,0,,
7/31/2009,987.4799805,0,,
8/3/2009,1002.630005,1,,
8/4/2009,1005.650024,1,,
8/5/2009,1002.719971,1,,
8/6/2009,997.0800171,1,,
8/7/2009,1010.47998,1,,
8/10/2009,1007.099976,1,,
8/11/2009,994.3499756,1,,
8/12/2009,1005.809998,1,,
8/13/2009,1012.72998,1,,
8/14/2009,1004.090027,1,,
8/17/2009,979.7299805,1,,
8/18/2009,989.6699829,1,,
8/19/2009,996.460022,1,,
8/20/2009,1007.369995,1,,
8/21/2009,1026.130005,1,,
8/24/2009,1025.569946,1,,
8/25/2009,1028,1,,
8/26/2009,1028.119995,1,,
8/27/2009,1030.97998,1,,
8/28/2009,1028.930054,1,,
8/31/2009,1020.619995,1,,
9/1/2009,998.039978,1,,
9/2/2009,994.75,1,,
9/3/2009,1003.23999,1,,
9/4/2009,1016.400024,1,,
9/8/2009,1025.390015,1,,
9/9/2009,1033.369995,1,,
9/10/2009,1044.140015,1,,
9/11/2009,1042.72998,1,,
9/14/2009,1049.339966,1,,
9/15/2009,1052.630005,1,,
9/16/2009,1068.76001,1,,
9/17/2009,1065.48999,1,,
9/18/2009,1068.300049,1,,
9/21/2009,1064.660034,1,,
9/22/2009,1071.660034,1,,
9/23/2009,1060.869995,1,,
9/24/2009,1050.780029,1,,
9/25/2009,1044.380005,1,,
9/28/2009,1062.97998,1,,
9/29/2009,1060.609985,1,,
9/30/2009,1057.079956,1,,
10/1/2009,1029.849976,1,,
10/2/2009,1025.209961,1,,
10/5/2009,1040.459961,1,,
10/6/2009,1054.719971,1,,
10/7/2009,1057.579956,1,,
10/8/2009,1065.47998,1,,
10/9/2009,1071.48999,1,,
10/12/2009,1076.189941,1,,
10/13/2009,1073.189941,1,,
10/14/2009,1092.02002,1,,
10/15/2009,1096.560059,1,,
10/16/2009,1087.680054,1,,
10/19/2009,1097.910034,1,,
10/20/2009,1091.060059,1,,
10/21/2009,1081.400024,1,,
10/22/2009,1092.910034,1,,
10/23/2009,1079.599976,1,,
10/26/2009,1066.949951,1,,
10/27/2009,1063.410034,1,,
10/28/2009,1042.630005,1,,
10/29/2009,1066.109985,1,,
10/30/2009,1036.189941,1,,
11/2/2009,1042.880005,1,,
11/3/2009,1045.410034,1,,
11/4/2009,1046.5,1,,
11/5/2009,1066.630005,1,,
11/6/2009,1069.300049,0,,
11/9/2009,1093.079956,0,,
11/10/2009,1093.01001,0,,
11/11/2009,1098.51001,0,,
11/12/2009,1087.23999,0,,
11/13/2009,1093.47998,0,,
11/16/2009,1109.300049,0,,
11/17/2009,1110.319946,0,,
11/18/2009,1109.800049,0,,
11/19/2009,1094.900024,0,,
11/20/2009,1091.380005,1,,
11/23/2009,1106.23999,1,,
11/24/2009,1105.650024,1,,
11/25/2009,1110.630005,1,,
11/27/2009,1091.48999,1,,
11/30/2009,1095.630005,1,,
12/1/2009,1108.859985,1,,
12/2/2009,1109.23999,1,,
12/3/2009,1099.920044,1,,
12/4/2009,1105.97998,1,,
12/7/2009,1103.25,1,,
12/8/2009,1091.939941,1,,
12/9/2009,1095.949951,1,,
12/10/2009,1102.349976,1,,
12/11/2009,1106.410034,1,,
12/14/2009,1114.109985,0,,
12/15/2009,1107.930054,0,,
12/16/2009,1109.180054,0,,
12/17/2009,1096.079956,0,,
12/18/2009,1102.469971,0,,
12/21/2009,1114.050049,0,,
12/22/2009,1118.02002,0,,
12/23/2009,1120.589966,0,,
12/24/2009,1126.47998,0,,
12/28/2009,1127.780029,0,,
12/29/2009,1126.199951,0,,
12/30/2009,1126.420044,0,,
12/31/2009,1115.099976,0,,
1/4/2010,1132.98999,0,,
1/5/2010,1136.52002,0,,
1/6/2010,1137.140015,0,,
1/7/2010,1141.689941,0,,
1/8/2010,1144.97998,0,,
1/11/2010,1146.97998,0,,
1/12/2010,1136.219971,0,,
1/13/2010,1145.680054,0,,
1/14/2010,1148.459961,0,,
1/15/2010,1136.030029,0,,
1/19/2010,1150.22998,0,,
1/20/2010,1138.040039,0,,
1/21/2010,1116.47998,0,,
1/22/2010,1091.76001,0,,
1/25/2010,1096.780029,0,,
1/26/2010,1092.170044,0,,
1/27/2010,1097.5,0,,
1/28/2010,1084.530029,0,,
1/29/2010,1073.869995,0,,
2/1/2010,1089.189941,0,,
2/2/2010,1103.319946,0,,
2/3/2010,1097.280029,0,,
2/4/2010,1063.109985,0,,
2/5/2010,1066.189941,0,,
2/8/2010,1056.73999,0,,
2/9/2010,1070.52002,0,,
2/10/2010,1068.130005,0,,
2/11/2010,1078.469971,0,,
2/12/2010,1075.51001,0,,
2/16/2010,1094.869995,0,,
2/17/2010,1099.51001,0,,
2/18/2010,1106.75,0,,
2/19/2010,1109.170044,0,,
2/22/2010,1108.01001,0,,
2/23/2010,1094.599976,-1,,
2/24/2010,1105.23999,-1,,
2/25/2010,1102.939941,-1,,
2/26/2010,1104.48999,-1,,
3/1/2010,1115.709961,-1,,
3/2/2010,1118.310059,-1,,
3/3/2010,1118.790039,-1,,
3/4/2010,1122.969971,0,,
3/5/2010,1138.699951,0,,
3/8/2010,1138.5,0,,
3/9/2010,1140.449951,0,,
3/10/2010,1145.609985,0,,
3/11/2010,1150.23999,0,,
3/12/2010,1149.98999,0,,
3/15/2010,1150.51001,0,,
3/16/2010,1159.459961,0,,
3/17/2010,1166.209961,0,,
3/18/2010,1165.829956,0,,
3/19/2010,1159.900024,0,,
3/22/2010,1165.810059,1,,
3/23/2010,1174.170044,1,,
3/24/2010,1167.719971,1,,
3/25/2010,1165.72998,1,,
3/26/2010,1166.589966,1,,
3/29/2010,1173.219971,1,,
3/30/2010,1173.27002,1,,
3/31/2010,1169.430054,1,,
4/1/2010,1178.099976,1,,
4/5/2010,1187.439941,1,,
4/6/2010,1189.439941,1,,
4/7/2010,1182.449951,1,,
4/8/2010,1186.439941,1,,
4/9/2010,1194.369995,1,,
4/12/2010,1196.47998,1,,
4/13/2010,1197.300049,1,,
4/14/2010,1210.650024,1,,
4/15/2010,1211.670044,1,,
4/16/2010,1192.130005,1,,
4/19/2010,1197.52002,1,,
4/20/2010,1207.170044,1,,
4/21/2010,1205.939941,1,,
4/22/2010,1208.670044,1,,
4/23/2010,1217.280029,1,,
4/26/2010,1212.050049,1,,
4/27/2010,1183.709961,1,,
4/28/2010,1191.359985,1,,
4/29/2010,1206.780029,1,,
4/30/2010,1186.689941,1,,
5/3/2010,1202.26001,1,,
5/4/2010,1173.599976,1,,
5/5/2010,1165.869995,1,,
5/6/2010,1128.150024,1,,
5/7/2010,1110.880005,0,,
5/10/2010,1159.72998,0,,
5/11/2010,1155.790039,0,,
5/12/2010,1171.670044,0,,
5/13/2010,1157.439941,0,,
5/14/2010,1135.680054,0,,
5/17/2010,1136.939941,0,,
5/18/2010,1120.800049,0,,
5/19/2010,1115.050049,0,,
5/20/2010,1071.589966,0,,
5/21/2010,1087.689941,0,,
5/24/2010,1073.650024,0,,
5/25/2010,1074.030029,0,,
5/26/2010,1067.949951,0,,
5/27/2010,1103.060059,0,,
5/28/2010,1089.410034,0,,
6/1/2010,1070.709961,-1,,
6/2/2010,1098.380005,-1,,
6/3/2010,1102.829956,-1,,
6/4/2010,1064.880005,-1,,
6/7/2010,1050.469971,-1,,
6/8/2010,1062,-1,,
6/9/2010,1055.689941,-1,,
6/10/2010,1086.839966,-1,,
6/11/2010,1091.599976,-1,,
6/14/2010,1089.630005,-1,,
6/15/2010,1115.22998,-1,,
6/16/2010,1114.609985,-1,,
6/17/2010,1116.040039,-1,,
6/18/2010,1117.51001,-1,,
6/21/2010,1113.199951,-1,,
6/22/2010,1095.310059,-1,,
6/23/2010,1092.040039,-1,,
6/24/2010,1073.689941,-1,,
6/25/2010,1076.76001,-1,,
6/28/2010,1074.569946,-1,,
6/29/2010,1041.23999,-1,,
6/30/2010,1030.709961,-1,,
7/1/2010,1027.369995,-1,,
7/2/2010,1022.580017,-1,,
7/6/2010,1028.060059,-1,,
7/7/2010,1060.27002,-1,,
7/8/2010,1070.25,-1,,
7/9/2010,1077.959961,-1,,
7/12/2010,1078.75,-1,,
7/13/2010,1095.339966,-1,,
7/14/2010,1095.170044,-1,,
7/15/2010,1096.47998,-1,,
7/16/2010,1064.880005,-1,,
7/19/2010,1071.25,-1,,
7/20/2010,1083.47998,-1,,
7/21/2010,1069.589966,-1,,
7/22/2010,1093.670044,-1,,
7/23/2010,1102.660034,-1,,
7/26/2010,1115.01001,-1,,
7/27/2010,1113.839966,-1,,
7/28/2010,1106.130005,0,,
7/29/2010,1101.530029,0,,
7/30/2010,1101.599976,0,,
8/2/2010,1125.859985,0,,
8/3/2010,1120.459961,0,,
8/4/2010,1127.23999,0,,
8/5/2010,1125.810059,0,,
8/6/2010,1121.640015,0,,
8/9/2010,1127.790039,0,,
8/10/2010,1121.060059,0,,
8/11/2010,1089.469971,0,,
8/12/2010,1083.609985,0,,
8/13/2010,1079.25,0,,
8/16/2010,1079.380005,0,,
8/17/2010,1092.540039,0,,
8/18/2010,1094.160034,0,,
8/19/2010,1075.630005,0,,
8/20/2010,1071.689941,0,,
8/23/2010,1067.359985,0,,
8/24/2010,1051.869995,0,,
8/25/2010,1055.329956,0,,
8/26/2010,1047.219971,0,,
8/27/2010,1064.589966,0,,
8/30/2010,1048.920044,0,,
8/31/2010,1049.329956,0,,
9/1/2010,1080.290039,0,,
9/2/2010,1090.099976,0,,
9/3/2010,1104.51001,0,,
9/7/2010,1091.839966,0,,
9/8/2010,1098.869995,0,,
9/9/2010,1104.180054,0,,
9/10/2010,1109.550049,0,,
9/13/2010,1121.900024,0,,
9/14/2010,1121.099976,0,,
9/15/2010,1125.069946,0,,
9/16/2010,1124.660034,0,,
9/17/2010,1125.589966,0,,
9/20/2010,1142.709961,0,,
9/21/2010,1139.780029,0,,
9/22/2010,1134.280029,0,,
9/23/2010,1124.829956,0,,
9/24/2010,1148.670044,0,,
9/27/2010,1142.160034,0,,
9/28/2010,1147.699951,0,,
9/29/2010,1144.72998,1,,
9/30/2010,1141.199951,1,,
10/1/2010,1146.23999,1,,
10/4/2010,1137.030029,1,,
10/5/2010,1160.75,1,,
10/6/2010,1159.969971,1,,
10/7/2010,1158.060059,1,,
10/8/2010,1165.150024,1,,
10/11/2010,1165.319946,1,,
10/12/2010,1169.77002,1,,
10/13/2010,1178.099976,1,,
10/14/2010,1173.810059,1,,
10/15/2010,1176.189941,1,,
10/18/2010,1184.709961,1,,
10/19/2010,1165.900024,1,,
10/20/2010,1178.170044,1,,
10/21/2010,1180.26001,1,,
10/22/2010,1183.079956,1,,
10/25/2010,1185.619995,1,,
10/26/2010,1185.640015,1,,
10/27/2010,1182.449951,1,,
10/28/2010,1183.780029,1,,
10/29/2010,1183.26001,1,,
11/1/2010,1184.380005,1,,
11/2/2010,1193.569946,1,,
11/3/2010,1197.959961,1,,
11/4/2010,1221.060059,1,,
11/5/2010,1225.849976,1,,
11/8/2010,1223.25,1,,
11/9/2010,1213.400024,1,,
11/10/2010,1218.709961,1,,
11/11/2010,1213.540039,1,,
11/12/2010,1199.209961,1,,
11/15/2010,1197.75,1,,
11/16/2010,1178.339966,1,,
11/17/2010,1178.589966,1,,
11/18/2010,1196.689941,1,,
11/19/2010,1199.72998,1,,
11/22/2010,1197.839966,1,,
11/23/2010,1180.72998,1,,
11/24/2010,1198.349976,1,,
11/26/2010,1189.400024,0,,
11/29/2010,1187.76001,0,,
11/30/2010,1180.550049,0,,
12/1/2010,1206.069946,0,,
12/2/2010,1221.530029,0,,
12/3/2010,1224.709961,0,,
12/6/2010,1223.119995,0,,
12/7/2010,1223.75,0,,
12/8/2010,1228.280029,0,,
12/9/2010,1233,0,,
12/10/2010,1240.400024,0,,
12/13/2010,1240.459961,0,,
12/14/2010,1241.589966,0,,
12/15/2010,1235.22998,0,,
12/16/2010,1242.869995,0,,
12/17/2010,1243.910034,0,,
12/20/2010,1247.079956,0,,
12/21/2010,1254.599976,0,,
12/22/2010,1258.839966,1,,
12/23/2010,1256.77002,1,,
12/27/2010,1257.540039,1,,
12/28/2010,1258.51001,1,,
12/29/2010,1259.780029,1,,
12/30/2010,1257.880005,1,,
12/31/2010,1257.640015,1,,
1/3/2011,1271.869995,1,,
1/4/2011,1270.199951,1,,
1/5/2011,1276.560059,1,,
1/6/2011,1273.849976,1,,
1/7/2011,1271.5,1,,
1/10/2011,1269.75,1,,
1/11/2011,1274.47998,1,,
1/12/2011,1285.959961,1,,
1/13/2011,1283.76001,1,,
1/14/2011,1293.23999,1,,
1/18/2011,1295.02002,1,,
1/19/2011,1281.920044,1,,
1/20/2011,1280.26001,1,,
1/21/2011,1283.349976,1,,
1/24/2011,1290.839966,1,,
1/25/2011,1291.180054,1,,
1/26/2011,1296.630005,1,,
1/27/2011,1299.540039,1,,
1/28/2011,1276.339966,1,,
1/31/2011,1286.119995,1,,
2/1/2011,1307.589966,1,,
2/2/2011,1304.030029,1,,
2/3/2011,1307.099976,1,,
2/4/2011,1310.869995,1,,
2/7/2011,1319.050049,1,,
2/8/2011,1324.569946,1,,
2/9/2011,1320.880005,1,,
2/10/2011,1321.869995,1,,
2/11/2011,1329.150024,1,,
2/14/2011,1332.319946,1,,
2/15/2011,1328.01001,1,,
2/16/2011,1336.319946,1,,
2/17/2011,1340.430054,1,,
2/18/2011,1343.01001,1,,
2/22/2011,1315.439941,1,,
2/23/2011,1307.400024,1,,
2/24/2011,1306.099976,1,,
2/25/2011,1319.880005,1,,
2/28/2011,1327.219971,1,,
3/1/2011,1306.329956,1,,
3/2/2011,1308.439941,1,,
3/3/2011,1330.969971,1,,
3/4/2011,1321.150024,1,,
3/7/2011,1310.130005,0,,
3/8/2011,1321.819946,0,,
3/9/2011,1320.02002,0,,
3/10/2011,1295.109985,0,,
3/11/2011,1304.280029,0,,
3/14/2011,1296.390015,0,,
3/15/2011,1281.869995,0,,
3/16/2011,1256.880005,0,,
3/17/2011,1273.719971,0,,
3/18/2011,1279.209961,0,,
3/21/2011,1298.380005,0,,
3/22/2011,1293.77002,0,,
3/23/2011,1297.540039,0,,
3/24/2011,1309.660034,0,,
3/25/2011,1313.800049,0,,
3/28/2011,1310.189941,0,,
3/29/2011,1319.439941,0,,
3/30/2011,1328.26001,0,,
3/31/2011,1325.829956,0,,
4/1/2011,1332.410034,0,,
4/4/2011,1332.869995,0,,
4/5/2011,1332.630005,0,,
4/6/2011,1335.540039,0,,
4/7/2011,1333.51001,0,,
4/8/2011,1328.170044,0,,
4/11/2011,1324.459961,0,,
4/12/2011,1314.160034,0,,
4/13/2011,1314.410034,0,,
4/14/2011,1314.52002,0,,
4/15/2011,1319.680054,0,,
4/18/2011,1305.140015,0,,
4/19/2011,1312.619995,0,,
4/20/2011,1330.359985,0,,
4/21/2011,1337.380005,0,,
4/25/2011,1335.25,0,,
4/26/2011,1347.23999,0,,
4/27/2011,1355.660034,0,,
4/28/2011,1360.47998,0,,
4/29/2011,1363.609985,0,,
5/2/2011,1361.219971,0,,
5/3/2011,1356.619995,0,,
5/4/2011,1347.319946,0,,
5/5/2011,1335.099976,0,,
5/6/2011,1340.199951,0,,
5/9/2011,1346.290039,0,,
5/10/2011,1357.160034,0,,
5/11/2011,1342.079956,0,,
5/12/2011,1348.650024,0,,
5/13/2011,1337.77002,0,,
5/16/2011,1329.469971,0,,
5/17/2011,1328.97998,0,,
5/18/2011,1340.680054,0,,
5/19/2011,1343.599976,0,,
5/20/2011,1333.27002,0,,
5/23/2011,1317.369995,0,,
5/24/2011,1316.280029,0,,
5/25/2011,1320.469971,0,,
5/26/2011,1325.689941,0,,
5/27/2011,1331.099976,0,,
5/31/2011,1345.199951,0,,
6/1/2011,1314.550049,0,,
6/2/2011,1312.939941,0,,
6/3/2011,1300.160034,0,,
6/6/2011,1286.170044,0,,
6/7/2011,1284.939941,0,,
6/8/2011,1279.560059,0,,
6/9/2011,1289,0,,
6/10/2011,1270.97998,0,,
6/13/2011,1271.829956,0,,
6/14/2011,1287.869995,0,,
6/15/2011,1265.420044,0,,
6/16/2011,1267.640015,0,,
6/17/2011,1271.5,0,,
6/20/2011,1278.359985,0,,
6/21/2011,1295.52002,-1,,
6/22/2011,1287.140015,-1,,
6/23/2011,1283.5,-1,,
6/24/2011,1268.449951,-1,,
6/27/2011,1280.099976,-1,,
6/28/2011,1296.670044,-1,,
6/29/2011,1307.410034,-1,,
6/30/2011,1320.640015,-1,,
7/1/2011,1339.670044,0,,
7/5/2011,1337.880005,0,,
7/6/2011,1339.219971,0,,
7/7/2011,1353.219971,0,,
7/8/2011,1343.800049,0,,
7/11/2011,1319.48999,0,,
7/12/2011,1313.640015,0,,
7/13/2011,1317.719971,0,,
7/14/2011,1308.869995,0,,
7/15/2011,1316.140015,0,,
7/18/2011,1305.439941,0,,
7/19/2011,1326.72998,0,,
7/20/2011,1325.839966,0,,
7/21/2011,1343.800049,0,,
7/22/2011,1345.02002,0,,
7/25/2011,1337.430054,0,,
7/26/2011,1331.939941,0,,
7/27/2011,1304.890015,0,,
7/28/2011,1300.670044,0,,
7/29/2011,1292.280029,0,,
8/1/2011,1286.939941,0,,
8/2/2011,1254.050049,0,,
8/3/2011,1260.339966,0,,
8/4/2011,1200.069946,0,,
8/5/2011,1199.380005,0,,
8/8/2011,1119.459961,0,,
8/9/2011,1172.530029,0,,
8/10/2011,1120.76001,0,,
8/11/2011,1172.640015,0,,
8/12/2011,1178.810059,-1,,
8/15/2011,1204.48999,-1,,
8/16/2011,1192.76001,-1,,
8/17/2011,1193.890015,-1,,
8/18/2011,1140.650024,-1,,
8/19/2011,1123.530029,-1,,
8/22/2011,1123.819946,-1,,
8/23/2011,1162.349976,-1,,
8/24/2011,1177.599976,-1,,
8/25/2011,1159.27002,-1,,
8/26/2011,1176.800049,-1,,
8/29/2011,1210.079956,-1,,
8/30/2011,1212.920044,-1,,
8/31/2011,1218.890015,-1,,
9/1/2011,1204.420044,-1,,
9/2/2011,1173.969971,-1,,
9/6/2011,1165.23999,-1,,
9/7/2011,1198.619995,-1,,
9/8/2011,1185.900024,-1,,
9/9/2011,1154.22998,-1,,
9/12/2011,1162.27002,-1,,
9/13/2011,1172.869995,-1,,
9/14/2011,1188.680054,-1,,
9/15/2011,1209.109985,-1,,
9/16/2011,1216.01001,-1,,
9/19/2011,1204.089966,-1,,
9/20/2011,1202.089966,-1,,
9/21/2011,1166.76001,-1,,
9/22/2011,1129.560059,-1,,
9/23/2011,1136.430054,-1,,
9/26/2011,1162.949951,-1,,
9/27/2011,1175.380005,-1,,
9/28/2011,1151.060059,-1,,
9/29/2011,1160.400024,-1,,
9/30/2011,1131.420044,-1,,
10/3/2011,1099.22998,-1,,
10/4/2011,1123.949951,-1,,
10/5/2011,1144.030029,-1,,
10/6/2011,1164.969971,-1,,
10/7/2011,1155.459961,-1,,
10/10/2011,1194.890015,-1,,
10/11/2011,1195.540039,-1,,
10/12/2011,1207.25,-1,,
10/13/2011,1203.660034,-1,,
10/14/2011,1224.579956,-1,,
10/17/2011,1200.859985,-1,,
10/18/2011,1225.380005,-1,,
10/19/2011,1209.880005,-1,,
10/20/2011,1215.390015,0,,
10/21/2011,1238.25,0,,
10/24/2011,1254.189941,0,,
10/25/2011,1229.050049,0,,
10/26/2011,1242,0,,
10/27/2011,1284.589966,0,,
10/28/2011,1285.089966,0,,
10/31/2011,1253.300049,0,,
11/1/2011,1218.280029,0,,
11/2/2011,1237.900024,0,,
11/3/2011,1261.150024,0,,
11/4/2011,1253.22998,0,,
11/7/2011,1261.119995,0,,
11/8/2011,1275.920044,0,,
11/9/2011,1229.099976,0,,
11/10/2011,1239.699951,0,,
11/11/2011,1263.849976,0,,
11/14/2011,1251.780029,0,,
11/15/2011,1257.810059,0,,
11/16/2011,1236.910034,0,,
11/17/2011,1216.130005,0,,
11/18/2011,1215.650024,0,,
11/21/2011,1192.97998,0,,
11/22/2011,1188.040039,0,,
11/23/2011,1161.790039,0,,
11/25/2011,1158.670044,0,,
11/28/2011,1192.550049,0,,
11/29/2011,1195.189941,0,,
11/30/2011,1246.959961,0,,
12/1/2011,1244.579956,0,,
12/2/2011,1244.280029,0,,
12/5/2011,1257.079956,0,,
12/6/2011,1258.469971,0,,
12/7/2011,1261.01001,0,,
12/8/2011,1234.349976,0,,
12/9/2011,1255.189941,0,,
12/12/2011,1236.469971,0,,
12/13/2011,1225.72998,0,,
12/14/2011,1211.819946,0,,
12/15/2011,1215.75,0,,
12/16/2011,1219.660034,0,,
12/19/2011,1205.349976,0,,
12/20/2011,1241.300049,0,,
12/21/2011,1243.719971,0,,
12/22/2011,1254,0,,
12/23/2011,1265.329956,0,,
12/27/2011,1265.430054,0,,
12/28/2011,1249.640015,0,,
12/29/2011,1263.02002,0,,
12/30/2011,1257.599976,0,,
1/3/2012,1277.060059,0,,
1/4/2012,1277.300049,0,,
1/5/2012,1281.060059,0,,
1/6/2012,1277.810059,0,,
1/9/2012,1280.699951,0,,
1/10/2012,1292.079956,0,,
1/11/2012,1292.47998,0,,
1/12/2012,1295.5,0,,
1/13/2012,1289.089966,0,,
1/17/2012,1293.670044,0,,
1/18/2012,1308.040039,0,,
1/19/2012,1314.5,0,,
1/20/2012,1315.380005,0,,
1/23/2012,1316,0,,
1/24/2012,1314.650024,0,,
1/25/2012,1326.060059,0,,
1/26/2012,1318.430054,0,,
1/27/2012,1316.329956,1,,
1/30/2012,1313.01001,1,,
1/31/2012,1312.410034,1,,
2/1/2012,1324.089966,1,,
2/2/2012,1325.540039,1,,
2/3/2012,1344.900024,1,,
2/6/2012,1344.329956,1,,
2/7/2012,1347.050049,1,,
2/8/2012,1349.959961,1,,
2/9/2012,1351.949951,1,,
2/10/2012,1342.640015,1,,
2/13/2012,1351.77002,1,,
2/14/2012,1350.5,1,,
2/15/2012,1343.22998,1,,
2/16/2012,1358.040039,1,,
2/17/2012,1361.22998,1,,
2/21/2012,1362.209961,1,,
2/22/2012,1357.660034,1,,
2/23/2012,1363.459961,1,,
2/24/2012,1365.73999,1,,
2/27/2012,1367.589966,1,,
2/28/2012,1372.180054,1,,
2/29/2012,1365.680054,1,,
3/1/2012,1374.089966,1,,
3/2/2012,1369.630005,1,,
3/5/2012,1364.329956,1,,
3/6/2012,1343.359985,1,,
3/7/2012,1352.630005,1,,
3/8/2012,1365.910034,1,,
3/9/2012,1370.869995,1,,
3/12/2012,1371.089966,1,,
3/13/2012,1395.949951,1,,
3/14/2012,1394.280029,1,,
3/15/2012,1402.599976,1,,
3/16/2012,1404.170044,1,,
3/19/2012,1409.75,1,,
3/20/2012,1405.52002,1,,
3/21/2012,1402.890015,1,,
3/22/2012,1392.780029,1,,
3/23/2012,1397.109985,1,,
3/26/2012,1416.51001,1,,
3/27/2012,1412.52002,1,,
3/28/2012,1405.540039,1,,
3/29/2012,1403.280029,1,,
3/30/2012,1408.469971,1,,
4/2/2012,1419.040039,1,,
4/3/2012,1413.380005,1,,
4/4/2012,1398.959961,1,,
4/5/2012,1398.079956,1,,
4/9/2012,1382.199951,1,,
4/10/2012,1358.589966,1,,
4/11/2012,1368.709961,1,,
4/12/2012,1387.569946,1,,
4/13/2012,1370.26001,1,,
4/16/2012,1369.569946,1,,
4/17/2012,1390.780029,1,,
4/18/2012,1385.140015,0,,
4/19/2012,1376.920044,0,,
4/20/2012,1378.530029,0,,
4/23/2012,1366.939941,0,,
4/24/2012,1371.969971,0,,
4/25/2012,1390.689941,0,,
4/26/2012,1399.97998,0,,
4/27/2012,1403.359985,0,,
4/30/2012,1397.910034,0,,
5/1/2012,1405.819946,0,,
5/2/2012,1402.310059,0,,
5/3/2012,1391.569946,0,,
5/4/2012,1369.099976,0,,
5/7/2012,1369.579956,0,,
5/8/2012,1363.719971,0,,
5/9/2012,1354.579956,0,,
5/10/2012,1357.98999,0,,
5/11/2012,1353.390015,0,,
5/14/2012,1338.349976,0,,
5/15/2012,1330.660034,0,,
5/16/2012,1324.800049,0,,
5/17/2012,1304.859985,0,,
5/18/2012,1295.219971,0,,
5/21/2012,1315.98999,0,,
5/22/2012,1316.630005,0,,
5/23/2012,1318.859985,0,,
5/24/2012,1320.680054,0,,
5/25/2012,1317.819946,0,,
5/29/2012,1332.420044,-1,,
5/30/2012,1313.319946,-1,,
5/31/2012,1310.329956,-1,,
6/1/2012,1278.040039,-1,,
6/4/2012,1278.180054,-1,,
6/5/2012,1285.5,-1,,
6/6/2012,1315.130005,-1,,
6/7/2012,1314.98999,-1,,
6/8/2012,1325.660034,-1,,
6/11/2012,1308.930054,-1,,
6/12/2012,1324.180054,-1,,
6/13/2012,1314.880005,-1,,
6/14/2012,1329.099976,-1,,
6/15/2012,1342.839966,-1,,
6/18/2012,1344.780029,-1,,
6/19/2012,1357.97998,-1,,
6/20/2012,1355.689941,-1,,
6/21/2012,1325.51001,-1,,
6/22/2012,1335.02002,-1,,
6/25/2012,1313.719971,0,,
6/26/2012,1319.98999,0,,
6/27/2012,1331.849976,0,,
6/28/2012,1329.040039,0,,
6/29/2012,1362.160034,0,,
7/2/2012,1365.51001,0,,
7/3/2012,1374.02002,0,,
7/5/2012,1367.579956,0,,
7/6/2012,1354.680054,0,,
7/9/2012,1352.459961,0,,
7/10/2012,1341.469971,0,,
7/11/2012,1341.449951,0,,
7/12/2012,1334.76001,0,,
7/13/2012,1356.780029,0,,
7/16/2012,1353.640015,0,,
7/17/2012,1363.670044,0,,
7/18/2012,1372.780029,0,,
7/19/2012,1376.51001,0,,
7/20/2012,1362.660034,0,,
7/23/2012,1350.52002,0,,
7/24/2012,1338.310059,0,,
7/25/2012,1337.890015,0,,
7/26/2012,1360.02002,0,,
7/27/2012,1385.969971,0,,
7/30/2012,1385.300049,0,,
7/31/2012,1379.319946,0,,
8/1/2012,1375.319946,0,,
8/2/2012,1365,0,,
8/3/2012,1390.98999,0,,
8/6/2012,1394.22998,0,,
8/7/2012,1401.349976,0,,
8/8/2012,1402.219971,0,,
8/9/2012,1402.800049,0,,
8/10/2012,1405.869995,0,,
8/13/2012,1404.109985,0,,
8/14/2012,1403.930054,0,,
8/15/2012,1405.530029,0,,
8/16/2012,1415.51001,0,,
8/17/2012,1418.160034,0,,
8/20/2012,1418.130005,0,,
8/21/2012,1413.170044,0,,
8/22/2012,1413.48999,0,,
8/23/2012,1402.079956,0,,
8/24/2012,1411.130005,0,,
8/27/2012,1410.439941,0,,
8/28/2012,1409.300049,0,,
8/29/2012,1410.48999,0,,
8/30/2012,1399.47998,0,,
8/31/2012,1406.579956,0,,
9/4/2012,1404.939941,0,,
9/5/2012,1403.439941,0,,
9/6/2012,1432.119995,0,,
9/7/2012,1437.920044,0,,
9/10/2012,1429.079956,0,,
9/11/2012,1433.560059,0,,
9/12/2012,1436.560059,0,,
9/13/2012,1459.98999,0,,
9/14/2012,1465.77002,0,,
9/17/2012,1461.189941,0,,
9/18/2012,1459.319946,0,,
9/19/2012,1461.050049,0,,
9/20/2012,1460.26001,0,,
9/21/2012,1460.150024,0,,
9/24/2012,1456.890015,1,,
9/25/2012,1441.589966,1,,
9/26/2012,1433.319946,1,,
9/27/2012,1447.150024,1,,
9/28/2012,1440.670044,1,,
10/1/2012,1444.48999,1,,
10/2/2012,1445.75,1,,
10/3/2012,1450.98999,1,,
10/4/2012,1461.400024,1,,
10/5/2012,1460.930054,1,,
10/8/2012,1455.880005,1,,
10/9/2012,1441.47998,1,,
10/10/2012,1432.560059,1,,
10/11/2012,1432.839966,1,,
10/12/2012,1428.589966,1,,
10/15/2012,1440.130005,1,,
10/16/2012,1454.920044,1,,
10/17/2012,1460.910034,1,,
10/18/2012,1457.339966,1,,
10/19/2012,1433.189941,0,,
10/22/2012,1433.819946,0,,
10/23/2012,1413.109985,0,,
10/24/2012,1408.75,0,,
10/25/2012,1412.969971,0,,
10/26/2012,1411.939941,0,,
10/31/2012,1412.160034,0,,
11/1/2012,1427.589966,0,,
11/2/2012,1414.199951,0,,
11/5/2012,1417.26001,0,,
11/6/2012,1428.390015,0,,
11/7/2012,1394.530029,0,,
11/8/2012,1377.51001,0,,
11/9/2012,1379.849976,0,,
11/12/2012,1380.030029,0,,
11/13/2012,1374.530029,0,,
11/14/2012,1355.48999,0,,
11/15/2012,1353.329956,0,,
11/16/2012,1359.880005,0,,
11/19/2012,1386.890015,0,,
11/20/2012,1387.810059,0,,
11/21/2012,1391.030029,0,,
11/23/2012,1409.150024,0,,
11/26/2012,1406.290039,0,,
11/27/2012,1398.939941,0,,
11/28/2012,1409.930054,0,,
11/29/2012,1415.949951,0,,
11/30/2012,1416.180054,0,,
12/3/2012,1409.459961,0,,
12/4/2012,1407.050049,0,,
12/5/2012,1409.280029,0,,
12/6/2012,1413.939941,0,,
12/7/2012,1418.069946,0,,
12/10/2012,1418.550049,0,,
12/11/2012,1427.839966,0,,
12/12/2012,1428.47998,0,,
12/13/2012,1419.449951,0,,
12/14/2012,1413.579956,0,,
12/17/2012,1430.359985,0,,
12/18/2012,1446.790039,0,,
12/19/2012,1435.810059,0,,
12/20/2012,1443.689941,0,,
12/21/2012,1430.150024,0,,
12/24/2012,1426.660034,0,,
12/26/2012,1419.829956,0,,
12/27/2012,1418.099976,0,,
12/28/2012,1402.430054,0,,
12/31/2012,1426.189941,0,,
1/2/2013,1462.420044,0,,
1/3/2013,1459.369995,0,,
1/4/2013,1466.469971,0,,
1/7/2013,1461.890015,0,,
1/8/2013,1457.150024,0,,
1/9/2013,1461.02002,0,,
1/10/2013,1472.119995,0,,
1/11/2013,1472.050049,0,,
1/14/2013,1470.680054,0,,
1/15/2013,1472.339966,0,,
1/16/2013,1472.630005,0,,
1/17/2013,1480.939941,0,,
1/18/2013,1485.97998,0,,
1/22/2013,1492.560059,0,,
1/23/2013,1494.810059,0,,
1/24/2013,1494.819946,0,,
1/25/2013,1502.959961,0,,
1/28/2013,1500.180054,0,,
1/29/2013,1507.839966,1,,
1/30/2013,1501.959961,1,,
1/31/2013,1498.109985,1,,
2/1/2013,1513.170044,1,,
2/4/2013,1495.709961,1,,
2/5/2013,1511.290039,1,,
2/6/2013,1512.119995,1,,
2/7/2013,1509.390015,1,,
2/8/2013,1517.930054,1,,
2/11/2013,1517.01001,1,,
2/12/2013,1519.430054,1,,
2/13/2013,1520.329956,1,,
2/14/2013,1521.380005,1,,
2/15/2013,1519.790039,1,,
2/19/2013,1530.939941,1,,
2/20/2013,1511.949951,1,,
2/21/2013,1502.420044,1,,
2/22/2013,1515.599976,1,,
2/25/2013,1487.849976,1,,
2/26/2013,1496.939941,1,,
2/27/2013,1515.98999,1,,
2/28/2013,1514.680054,1,,
3/1/2013,1518.199951,1,,
3/4/2013,1525.199951,1,,
3/5/2013,1539.790039,1,,
3/6/2013,1541.459961,1,,
3/7/2013,1544.26001,1,,
3/8/2013,1551.180054,1,,
3/11/2013,1556.219971,1,,
3/12/2013,1552.47998,1,,
3/13/2013,1554.52002,1,,
3/14/2013,1563.22998,1,,
3/15/2013,1560.699951,1,,
3/18/2013,1552.099976,1,,
3/19/2013,1548.339966,1,,
3/20/2013,1558.709961,1,,
3/21/2013,1545.800049,1,,
3/22/2013,1556.890015,1,,
3/25/2013,1551.689941,1,,
3/26/2013,1563.77002,1,,
3/27/2013,1562.849976,1,,
3/28/2013,1569.189941,1,,
4/1/2013,1562.170044,1,,
4/2/2013,1570.25,1,,
4/3/2013,1553.689941,1,,
4/4/2013,1559.97998,1,,
4/5/2013,1553.280029,1,,
4/8/2013,1563.069946,1,,
4/9/2013,1568.609985,1,,
4/10/2013,1587.72998,1,,
4/11/2013,1593.369995,1,,
4/12/2013,1588.849976,1,,
4/15/2013,1552.359985,0,,
4/16/2013,1574.569946,0,,
4/17/2013,1552.01001,0,,
4/18/2013,1541.609985,0,,
4/19/2013,1555.25,0,,
4/22/2013,1562.5,0,,
4/23/2013,1578.780029,0,,
4/24/2013,1578.790039,0,,
4/25/2013,1585.160034,0,,
4/26/2013,1582.23999,0,,
4/29/2013,1593.609985,0,,
4/30/2013,1597.569946,0,,
5/1/2013,1582.699951,0,,
5/2/2013,1597.589966,0,,
5/3/2013,1614.420044,0,,
5/6/2013,1617.5,0,,
5/7/2013,1625.959961,0,,
5/8/2013,1632.689941,0,,
5/9/2013,1626.670044,0,,
5/10/2013,1633.699951,0,,
5/13/2013,1633.77002,0,,
5/14/2013,1650.339966,0,,
5/15/2013,1658.780029,0,,
5/16/2013,1650.469971,1,,
5/17/2013,1667.469971,1,,
5/20/2013,1666.290039,1,,
5/21/2013,1669.160034,1,,
5/22/2013,1655.349976,1,,
5/23/2013,1650.51001,1,,
5/24/2013,1649.599976,1,,
5/28/2013,1660.060059,1,,
5/29/2013,1648.359985,1,,
5/30/2013,1654.410034,1,,
5/31/2013,1630.73999,1,,
6/3/2013,1640.420044,1,,
6/4/2013,1631.380005,1,,
6/5/2013,1608.900024,1,,
6/6/2013,1622.560059,1,,
6/7/2013,1643.380005,1,,
6/10/2013,1642.810059,1,,
6/11/2013,1626.130005,1,,
6/12/2013,1612.52002,1,,
6/13/2013,1636.359985,1,,
6/14/2013,1626.72998,1,,
6/17/2013,1639.040039,1,,
6/18/2013,1651.810059,0,,
6/19/2013,1628.930054,0,,
6/20/2013,1588.189941,0,,
6/21/2013,1592.430054,0,,
6/24/2013,1573.089966,0,,
6/25/2013,1588.030029,0,,
6/26/2013,1603.26001,0,,
6/27/2013,1613.199951,0,,
6/28/2013,1606.280029,0,,
7/1/2013,1614.959961,0,,
7/2/2013,1614.079956,0,,
7/3/2013,1615.410034,0,,
7/5/2013,1631.890015,0,,
7/8/2013,1640.459961,0,,
7/9/2013,1652.319946,0,,
7/10/2013,1652.619995,0,,
7/11/2013,1675.02002,0,,
7/12/2013,1680.189941,0,,
7/15/2013,1682.5,0,,
7/16/2013,1676.26001,0,,
7/17/2013,1680.910034,0,,
7/18/2013,1689.369995,0,,
7/19/2013,1692.089966,0,,
7/22/2013,1695.530029,0,,
7/23/2013,1692.390015,0,,
7/24/2013,1685.939941,0,,
7/25/2013,1690.25,1,,
7/26/2013,1691.650024,1,,
7/29/2013,1685.329956,1,,
7/30/2013,1685.959961,1,,
7/31/2013,1685.72998,1,,
8/1/2013,1706.869995,1,,
8/2/2013,1709.670044,1,,
8/5/2013,1707.140015,1,,
8/6/2013,1697.369995,1,,
8/7/2013,1690.910034,1,,
8/8/2013,1697.47998,1,,
8/9/2013,1691.420044,1,,
8/12/2013,1689.469971,1,,
8/13/2013,1694.160034,1,,
8/14/2013,1685.390015,1,,
8/15/2013,1661.319946,1,,
8/16/2013,1655.829956,1,,
8/19/2013,1646.060059,1,,
8/20/2013,1652.349976,0,,
8/21/2013,1642.800049,0,,
8/22/2013,1656.959961,0,,
8/23/2013,1663.5,0,,
8/26/2013,1656.780029,0,,
8/27/2013,1630.47998,0,,
8/28/2013,1634.959961,0,,
8/29/2013,1638.170044,0,,
8/30/2013,1632.969971,0,,
9/3/2013,1639.77002,0,,
9/4/2013,1653.079956,0,,
9/5/2013,1655.079956,0,,
9/6/2013,1655.170044,0,,
9/9/2013,1671.709961,0,,
9/10/2013,1683.98999,0,,
9/11/2013,1689.130005,0,,
9/12/2013,1683.420044,0,,
9/13/2013,1687.98999,0,,
9/16/2013,1697.599976,0,,
9/17/2013,1704.76001,0,,
9/18/2013,1725.52002,0,,
9/19/2013,1722.339966,0,,
9/20/2013,1709.910034,0,,
9/23/2013,1701.839966,0,,
9/24/2013,1697.420044,0,,
9/25/2013,1692.77002,0,,
9/26/2013,1698.670044,0,,
9/27/2013,1691.75,0,,
9/30/2013,1681.550049,0,,
10/1/2013,1695,0,,
10/2/2013,1693.869995,0,,
10/3/2013,1678.660034,0,,
10/4/2013,1690.5,0,,
10/7/2013,1676.119995,0,,
10/8/2013,1655.449951,0,,
10/9/2013,1656.400024,0,,
10/10/2013,1692.560059,0,,
10/11/2013,1703.199951,0,,
10/14/2013,1710.140015,0,,
10/15/2013,1698.060059,0,,
10/16/2013,1721.540039,0,,
10/17/2013,1733.150024,0,,
10/18/2013,1744.5,0,,
10/21/2013,1744.660034,0,,
10/22/2013,1754.670044,0,,
10/23/2013,1746.380005,0,,
10/24/2013,1752.069946,0,,
10/25/2013,1759.77002,0,,
10/28/2013,1762.109985,0,,
10/29/2013,1771.949951,0,,
10/30/2013,1763.310059,0,,
10/31/2013,1756.540039,1,,
11/1/2013,1761.640015,1,,
11/4/2013,1767.930054,1,,
11/5/2013,1762.969971,1,,
11/6/2013,1770.48999,1,,
11/7/2013,1747.150024,1,,
11/8/2013,1770.609985,1,,
11/11/2013,1771.890015,1,,
11/12/2013,1767.689941,1,,
11/13/2013,1782,1,,
11/14/2013,1790.619995,1,,
11/15/2013,1798.180054,1,,
11/18/2013,1791.530029,1,,
11/19/2013,1787.869995,1,,
11/20/2013,1781.369995,1,,
11/21/2013,1795.849976,1,,
11/22/2013,1804.76001,1,,
11/25/2013,1802.47998,1,,
11/26/2013,1802.75,1,,
11/27/2013,1807.22998,1,,
11/29/2013,1805.810059,1,,
12/2/2013,1800.900024,1,,
12/3/2013,1795.150024,1,,
12/4/2013,1792.810059,1,,
12/5/2013,1785.030029,1,,
12/6/2013,1805.089966,1,,
12/9/2013,1808.369995,1,,
12/10/2013,1802.619995,1,,
12/11/2013,1782.219971,1,,
12/12/2013,1775.5,1,,
12/13/2013,1775.319946,0,,
12/16/2013,1786.540039,0,,
12/17/2013,1781,0,,
12/18/2013,1810.650024,0,,
12/19/2013,1809.599976,0,,
12/20/2013,1818.319946,0,,
12/23/2013,1827.98999,0,,
12/24/2013,1833.319946,0,,
12/26/2013,1842.02002,0,,
12/27/2013,1841.400024,0,,
12/30/2013,1841.069946,0,,
12/31/2013,1848.359985,0,,
1/2/2014,1831.97998,0,,
1/3/2014,1831.369995,0,,
1/6/2014,1826.77002,0,,
1/7/2014,1837.880005,1,,
1/8/2014,1837.48999,1,,
1/9/2014,1838.130005,1,,
1/10/2014,1842.369995,1,,
1/13/2014,1819.199951,1,,
1/14/2014,1838.880005,1,,
1/15/2014,1848.380005,1,,
1/16/2014,1845.890015,1,,
1/17/2014,1838.699951,1,,
1/21/2014,1843.800049,1,,
1/22/2014,1844.859985,1,,
1/23/2014,1828.459961,0,,
1/24/2014,1790.290039,0,,
1/27/2014,1781.560059,0,,
1/28/2014,1792.5,0,,
1/29/2014,1774.199951,0,,
1/30/2014,1794.189941,0,,
1/31/2014,1782.589966,0,,
2/3/2014,1741.890015,0,,
2/4/2014,1755.199951,0,,
2/5/2014,1751.640015,0,,
2/6/2014,1773.430054,0,,
2/7/2014,1797.02002,0,,
2/10/2014,1799.839966,0,,
2/11/2014,1819.75,0,,
2/12/2014,1819.26001,0,,
2/13/2014,1829.829956,0,,
2/14/2014,1838.630005,0,,
2/18/2014,1840.76001,0,,
2/19/2014,1828.75,0,,
2/20/2014,1839.780029,0,,
2/21/2014,1836.25,0,,
2/24/2014,1847.609985,0,,
2/25/2014,1845.119995,0,,
2/26/2014,1845.160034,0,,
2/27/2014,1854.290039,0,,
2/28/2014,1859.449951,0,,
3/3/2014,1845.72998,0,,
3/4/2014,1873.910034,0,,
3/5/2014,1873.810059,0,,
3/6/2014,1877.030029,0,,
3/7/2014,1878.040039,0,,
3/10/2014,1877.170044,0,,
3/11/2014,1867.630005,0,,
3/12/2014,1868.199951,0,,
3/13/2014,1846.339966,0,,
3/14/2014,1841.130005,0,,
3/17/2014,1858.829956,0,,
3/18/2014,1872.25,0,,
3/19/2014,1860.77002,0,,
3/20/2014,1872.01001,0,,
3/21/2014,1866.52002,0,,
3/24/2014,1857.439941,0,,
3/25/2014,1865.619995,0,,
3/26/2014,1852.560059,0,,
3/27/2014,1849.040039,0,,
3/28/2014,1857.619995,0,,
3/31/2014,1872.339966,0,,
4/1/2014,1885.52002,0,,
4/2/2014,1890.900024,0,,
4/3/2014,1888.77002,0,,
4/4/2014,1865.089966,0,,
4/7/2014,1845.040039,0,,
4/8/2014,1851.959961,0,,
4/9/2014,1872.180054,0,,
4/10/2014,1833.079956,0,,
4/11/2014,1815.689941,0,,
4/14/2014,1830.609985,0,,
4/15/2014,1842.97998,0,,
4/16/2014,1862.310059,0,,
4/17/2014,1864.849976,0,,
4/21/2014,1871.890015,0,,
4/22/2014,1879.550049,0,,
4/23/2014,1875.390015,0,,
4/24/2014,1878.609985,0,,
4/25/2014,1863.400024,0,,
4/28/2014,1869.430054,0,,
4/29/2014,1878.329956,0,,
4/30/2014,1883.949951,0,,
5/1/2014,1883.680054,0,,
5/2/2014,1881.140015,0,,
5/5/2014,1884.660034,0,,
5/6/2014,1867.719971,0,,
5/7/2014,1878.209961,0,,
5/8/2014,1875.630005,0,,
5/9/2014,1878.47998,0,,
5/12/2014,1896.650024,0,,
5/13/2014,1897.449951,0,,
5/14/2014,1888.530029,0,,
5/15/2014,1870.849976,0,,
5/16/2014,1877.859985,0,,
5/19/2014,1885.079956,0,,
5/20/2014,1872.829956,0,,
5/21/2014,1888.030029,0,,
5/22/2014,1892.48999,0,,
5/23/2014,1900.530029,0,,
5/27/2014,1911.910034,0,,
5/28/2014,1909.780029,0,,
5/29/2014,1920.030029,0,,
5/30/2014,1923.569946,0,,
6/2/2014,1924.969971,0,,
6/3/2014,1924.23999,0,,
6/4/2014,1927.880005,0,,
6/5/2014,1940.459961,0,,
6/6/2014,1949.439941,0,,
6/9/2014,1951.27002,0,,
6/10/2014,1950.790039,0,,
6/11/2014,1943.890015,0,,
6/12/2014,1930.109985,0,,
6/13/2014,1936.160034,0,,
6/16/2014,1937.780029,0,,
6/17/2014,1941.98999,0,,
6/18/2014,1956.97998,1,,
6/19/2014,1959.47998,1,,
6/20/2014,1962.869995,1,,
6/23/2014,1962.609985,1,,
6/24/2014,1949.97998,1,,
6/25/2014,1959.530029,1,,
6/26/2014,1957.219971,1,,
6/27/2014,1960.959961,1,,
6/30/2014,1960.22998,1,,
7/1/2014,1973.319946,1,,
7/2/2014,1974.619995,1,,
7/3/2014,1985.439941,1,,
7/7/2014,1977.650024,1,,
7/8/2014,1963.709961,1,,
7/9/2014,1972.829956,1,,
7/10/2014,1964.680054,1,,
7/11/2014,1967.569946,1,,
7/14/2014,1977.099976,1,,
7/15/2014,1973.280029,1,,
7/16/2014,1981.569946,1,,
7/17/2014,1958.119995,1,,
7/18/2014,1978.219971,1,,
7/21/2014,1973.630005,1,,
7/22/2014,1983.530029,1,,
7/23/2014,1987.01001,0,,
7/24/2014,1987.97998,0,,
7/25/2014,1978.339966,0,,
7/28/2014,1978.910034,0,,
7/29/2014,1969.949951,0,,
7/30/2014,1970.069946,0,,
7/31/2014,1930.670044,0,,
8/1/2014,1925.150024,0,,
8/4/2014,1938.98999,0,,
8/5/2014,1920.209961,0,,
8/6/2014,1920.23999,0,,
8/7/2014,1909.569946,0,,
8/8/2014,1931.589966,0,,
8/11/2014,1936.920044,0,,
8/12/2014,1933.75,0,,
8/13/2014,1946.719971,0,,
8/14/2014,1955.180054,0,,
8/15/2014,1955.060059,0,,
8/18/2014,1971.73999,0,,
8/19/2014,1981.599976,0,,
8/20/2014,1986.51001,0,,
8/21/2014,1992.369995,0,,
8/22/2014,1988.400024,0,,
8/25/2014,1997.920044,0,,
8/26/2014,2000.02002,0,,
8/27/2014,2000.119995,1,,
8/28/2014,1996.73999,1,,
8/29/2014,2003.369995,1,,
9/2/2014,2002.280029,1,,
9/3/2014,2000.719971,1,,
9/4/2014,1997.650024,1,,
9/5/2014,2007.709961,1,,
9/8/2014,2001.540039,1,,
9/9/2014,1988.439941,1,,
9/10/2014,1995.689941,1,,
9/11/2014,1997.449951,1,,
9/12/2014,1985.540039,1,,
9/15/2014,1984.130005,1,,
9/16/2014,1998.97998,1,,
9/17/2014,2001.569946,1,,
9/18/2014,2011.359985,0,,
9/19/2014,2010.400024,0,,
9/22/2014,1994.290039,0,,
9/23/2014,1982.77002,0,,
9/24/2014,1998.300049,0,,
9/25/2014,1965.98999,0,,
9/26/2014,1982.849976,0,,
9/29/2014,1977.800049,0,,
9/30/2014,1972.290039,0,,
10/1/2014,1946.160034,0,,
10/2/2014,1946.170044,0,,
10/3/2014,1967.900024,0,,
10/6/2014,1964.819946,0,,
10/7/2014,1935.099976,0,,
10/8/2014,1968.890015,0,,
10/9/2014,1928.209961,0,,
10/10/2014,1906.130005,0,,
10/13/2014,1874.73999,0,,
10/14/2014,1877.699951,0,,
10/15/2014,1862.48999,0,,
10/16/2014,1862.76001,0,,
10/17/2014,1886.76001,0,,
10/20/2014,1904.01001,0,,
10/21/2014,1941.280029,-1,,
10/22/2014,1927.109985,-1,,
10/23/2014,1950.819946,-1,,
10/24/2014,1964.579956,-1,,
10/27/2014,1961.630005,-1,,
10/28/2014,1985.050049,-1,,
10/29/2014,1982.300049,-1,,
10/30/2014,1994.650024,-1,,
10/31/2014,2018.050049,-1,,
11/3/2014,2017.810059,-1,,
11/4/2014,2012.099976,-1,,
11/5/2014,2023.569946,-1,,
11/6/2014,2031.209961,0,,
11/7/2014,2031.920044,0,,
11/10/2014,2038.26001,0,,
11/11/2014,2039.680054,0,,
11/12/2014,2038.25,1,,
11/13/2014,2039.329956,1,,
11/14/2014,2039.819946,1,,
11/17/2014,2041.319946,1,,
11/18/2014,2051.800049,1,,
11/19/2014,2048.719971,1,,
11/20/2014,2052.75,1,,
11/21/2014,2063.5,1,,
11/24/2014,2069.409912,1,,
11/25/2014,2067.030029,1,,
11/26/2014,2072.830078,1,,
11/28/2014,2067.560059,1,,
12/1/2014,2053.439941,1,,
12/2/2014,2066.550049,1,,
12/3/2014,2074.330078,1,,
12/4/2014,2071.919922,1,,
12/5/2014,2075.370117,1,,
12/8/2014,2060.310059,1,,
12/9/2014,2059.820068,1,,
12/10/2014,2026.140015,1,,
12/11/2014,2035.329956,1,,
12/12/2014,2002.329956,1,,
12/15/2014,1989.630005,1,,
12/16/2014,1972.73999,1,,
12/17/2014,2012.890015,1,,
12/18/2014,2061.22998,0,,
12/19/2014,2070.649902,0,,
12/22/2014,2078.540039,0,,
12/23/2014,2082.169922,0,,
12/24/2014,2081.879883,0,,
12/26/2014,2088.77002,0,,
12/29/2014,2090.570068,0,,
12/30/2014,2080.350098,0,,
12/31/2014,2058.899902,0,,
1/2/2015,2058.199951,0,,
1/5/2015,2020.579956,0,,
1/6/2015,2002.609985,0,,
1/7/2015,2025.900024,0,,
1/8/2015,2062.139893,0,,
1/9/2015,2044.810059,0,,
1/12/2015,2028.26001,0,,
1/13/2015,2023.030029,0,,
1/14/2015,2011.27002,0,,
1/15/2015,1992.670044,0,,
1/16/2015,2019.420044,0,,
1/20/2015,2022.550049,0,,
1/21/2015,2032.119995,0,,
1/22/2015,2063.149902,0,,
1/23/2015,2051.820068,0,,
1/26/2015,2057.090088,0,,
1/27/2015,2029.550049,0,,
1/28/2015,2002.160034,0,,
1/29/2015,2021.25,0,,
1/30/2015,1994.98999,0,,
2/2/2015,2020.849976,0,,
2/3/2015,2050.030029,0,,
2/4/2015,2041.51001,0,,
2/5/2015,2062.52002,0,,
2/6/2015,2055.469971,0,,
2/9/2015,2046.73999,0,,
2/10/2015,2068.590088,0,,
2/11/2015,2068.530029,0,,
2/12/2015,2088.47998,0,,
2/13/2015,2096.98999,0,,
2/17/2015,2100.340088,0,,
2/18/2015,2099.679932,0,,
2/19/2015,2097.449951,0,,
2/20/2015,2110.300049,0,,
2/23/2015,2109.659912,0,,
2/24/2015,2115.47998,0,,
2/25/2015,2113.860107,0,,
2/26/2015,2110.73999,0,,
2/27/2015,2104.5,0,,
3/2/2015,2117.389893,0,,
3/3/2015,2107.780029,0,,
3/4/2015,2098.530029,0,,
3/5/2015,2101.040039,1,,
3/6/2015,2071.26001,1,,
3/9/2015,2079.429932,1,,
3/10/2015,2044.160034,1,,
3/11/2015,2040.23999,1,,
3/12/2015,2065.949951,1,,
3/13/2015,2053.399902,1,,
3/16/2015,2081.189941,1,,
3/17/2015,2074.280029,0,,
3/18/2015,2099.5,0,,
3/19/2015,2089.27002,0,,
3/20/2015,2108.100098,0,,
3/23/2015,2104.419922,0,,
3/24/2015,2091.5,0,,
3/25/2015,2061.050049,0,,
3/26/2015,2056.149902,0,,
3/27/2015,2061.02002,0,,
3/30/2015,2086.23999,0,,
3/31/2015,2067.889893,0,,
4/1/2015,2059.689941,0,,
4/2/2015,2066.959961,0,,
4/6/2015,2080.620117,0,,
4/7/2015,2076.330078,0,,
4/8/2015,2081.899902,0,,
4/9/2015,2091.179932,0,,
4/10/2015,2102.060059,0,,
4/13/2015,2092.429932,0,,
4/14/2015,2095.840088,0,,
4/15/2015,2106.629883,0,,
4/16/2015,2104.98999,0,,
4/17/2015,2081.179932,0,,
4/20/2015,2100.399902,0,,
4/21/2015,2097.290039,0,,
4/22/2015,2107.959961,0,,
4/23/2015,2112.929932,0,,
4/24/2015,2117.689941,0,,
4/27/2015,2108.919922,0,,
4/28/2015,2114.76001,0,,
4/29/2015,2106.850098,0,,
4/30/2015,2085.51001,0,,
5/1/2015,2108.290039,0,,
5/4/2015,2114.48999,0,,
5/5/2015,2089.459961,0,,
5/6/2015,2080.149902,0,,
5/7/2015,2088,0,,
5/8/2015,2116.100098,0,,
5/11/2015,2105.330078,0,,
5/12/2015,2099.120117,0,,
5/13/2015,2098.47998,0,,
5/14/2015,2121.100098,0,,
5/15/2015,2122.72998,0,,
5/18/2015,2129.199951,0,,
5/19/2015,2127.830078,0,,
5/20/2015,2125.850098,0,,
5/21/2015,2130.820068,0,,
5/22/2015,2126.060059,0,,
5/26/2015,2104.199951,0,,
5/27/2015,2123.47998,0,,
5/28/2015,2120.790039,0,,
5/29/2015,2107.389893,0,,
6/1/2015,2111.72998,0,,
6/2/2015,2109.600098,0,,
6/3/2015,2114.070068,0,,
6/4/2015,2095.840088,0,,
6/5/2015,2092.830078,0,,
6/8/2015,2079.280029,0,,
6/9/2015,2080.149902,0,,
6/10/2015,2105.199951,0,,
6/11/2015,2108.860107,0,,
6/12/2015,2094.110107,0,,
6/15/2015,2084.429932,0,,
6/16/2015,2096.290039,0,,
6/17/2015,2100.439941,0,,
6/18/2015,2121.23999,0,,
6/19/2015,2109.98999,0,,
6/22/2015,2122.850098,0,,
6/23/2015,2124.199951,0,,
6/24/2015,2108.580078,0,,
6/25/2015,2102.310059,0,,
6/26/2015,2101.48999,0,,
6/29/2015,2057.639893,0,,
6/30/2015,2063.110107,0,,
7/1/2015,2077.419922,0,,
7/2/2015,2076.780029,0,,
7/6/2015,2068.76001,0,,
7/7/2015,2081.340088,0,,
7/8/2015,2046.680054,0,,
7/9/2015,2051.310059,0,,
7/10/2015,2076.620117,0,,
7/13/2015,2099.600098,-1,,
7/14/2015,2108.949951,-1,,
7/15/2015,2107.399902,-1,,
7/16/2015,2124.290039,-1,,
7/17/2015,2126.639893,-1,,
7/20/2015,2128.280029,-1,,
7/21/2015,2119.209961,-1,,
7/22/2015,2114.149902,-1,,
7/23/2015,2102.149902,-1,,
7/24/2015,2079.649902,-1,,
7/27/2015,2067.639893,0,,
7/28/2015,2093.25,0,,
7/29/2015,2108.570068,0,,
7/30/2015,2108.629883,0,,
7/31/2015,2103.840088,0,,
8/3/2015,2098.040039,0,,
8/4/2015,2093.320068,0,,
8/5/2015,2099.840088,0,,
8/6/2015,2083.560059,0,,
8/7/2015,2077.570068,0,,
8/10/2015,2104.179932,0,,
8/11/2015,2084.070068,0,,
8/12/2015,2086.050049,0,,
8/13/2015,2083.389893,0,,
8/14/2015,2091.540039,0,,
8/17/2015,2102.439941,0,,
8/18/2015,2096.919922,0,,
8/19/2015,2079.610107,0,,
8/20/2015,2035.72998,0,,
8/21/2015,1970.890015,0,,
8/24/2015,1893.209961,0,,
8/25/2015,1867.609985,0,,
8/26/2015,1940.51001,0,,
8/27/2015,1987.660034,0,,
8/28/2015,1988.869995,0,,
8/31/2015,1972.180054,0,,
9/1/2015,1913.849976,0,,
9/2/2015,1948.859985,-1,,
9/3/2015,1951.130005,-1,,
9/4/2015,1921.219971,-1,,
9/8/2015,1969.410034,-1,,
9/9/2015,1942.040039,-1,,
9/10/2015,1952.290039,-1,,
9/11/2015,1961.050049,-1,,
9/14/2015,1953.030029,-1,,
9/15/2015,1978.089966,-1,,
9/16/2015,1995.310059,-1,,
9/17/2015,1990.199951,-1,,
9/18/2015,1958.030029,-1,,
9/21/2015,1966.969971,-1,,
9/22/2015,1942.73999,-1,,
9/23/2015,1938.76001,-1,,
9/24/2015,1932.23999,-1,,
9/25/2015,1931.339966,-1,,
9/28/2015,1881.77002,-1,,
9/29/2015,1884.089966,-1,,
9/30/2015,1920.030029,-1,,
10/1/2015,1923.819946,-1,,
10/2/2015,1951.359985,-1,,
10/5/2015,1987.050049,-1,,
10/6/2015,1979.920044,-1,,
10/7/2015,1995.829956,-1,,
10/8/2015,2013.430054,-1,,
10/9/2015,2014.890015,-1,,
10/12/2015,2017.459961,-1,,
10/13/2015,2003.689941,-1,,
10/14/2015,1994.23999,0,,
10/15/2015,2023.859985,0,,
10/16/2015,2033.109985,0,,
10/19/2015,2033.660034,0,,
10/20/2015,2030.77002,0,,
10/21/2015,2018.939941,0,,
10/22/2015,2052.51001,0,,
10/23/2015,2075.149902,0,,
10/26/2015,2071.179932,0,,
10/27/2015,2065.889893,0,,
10/28/2015,2090.350098,0,,
10/29/2015,2089.409912,0,,
10/30/2015,2079.360107,0,,
11/2/2015,2104.050049,0,,
11/3/2015,2109.790039,0,,
11/4/2015,2102.310059,1,,
11/5/2015,2099.929932,1,,
11/6/2015,2099.199951,1,,
11/9/2015,2078.580078,1,,
11/10/2015,2081.719971,1,,
11/11/2015,2075,1,,
11/12/2015,2045.969971,1,,
11/13/2015,2023.040039,1,,
11/16/2015,2053.189941,1,,
11/17/2015,2050.439941,1,,
11/18/2015,2083.580078,1,,
11/19/2015,2081.23999,1,,
11/20/2015,2089.169922,1,,
11/23/2015,2086.590088,1,,
11/24/2015,2089.139893,0,,
11/25/2015,2088.870117,0,,
11/27/2015,2090.110107,0,,
11/30/2015,2080.409912,0,,
12/1/2015,2102.629883,0,,
12/2/2015,2079.51001,0,,
12/3/2015,2049.620117,0,,
12/4/2015,2091.689941,0,,
12/7/2015,2077.070068,0,,
12/8/2015,2063.590088,0,,
12/9/2015,2047.619995,0,,
12/10/2015,2052.22998,0,,
12/11/2015,2012.369995,0,,
12/14/2015,2021.939941,0,,
12/15/2015,2043.410034,0,,
12/16/2015,2073.070068,0,,
12/17/2015,2041.890015,0,,
12/18/2015,2005.550049,0,,
12/21/2015,2021.150024,0,,
12/22/2015,2038.969971,0,,
12/23/2015,2064.290039,0,,
12/24/2015,2060.98999,0,,
12/28/2015,2056.5,0,,
12/29/2015,2078.360107,0,,
12/30/2015,2063.360107,0,,
12/31/2015,2043.939941,0,,
1/4/2016,2012.660034,0,,
1/5/2016,2016.709961,0,,
1/6/2016,1990.26001,0,,
1/7/2016,1943.089966,0,,
1/8/2016,1922.030029,0,,
1/11/2016,1923.670044,0,,
1/12/2016,1938.680054,0,,
1/13/2016,1890.280029,0,,
1/14/2016,1921.839966,0,,
1/15/2016,1880.329956,0,,
1/19/2016,1881.329956,-1,,
1/20/2016,1859.329956,-1,,
1/21/2016,1868.98999,-1,,
1/22/2016,1906.900024,-1,,
1/25/2016,1877.079956,-1,,
1/26/2016,1903.630005,-1,,
1/27/2016,1882.949951,-1,,
1/28/2016,1893.359985,-1,,
1/29/2016,1940.23999,-1,,
2/1/2016,1939.380005,-1,,
2/2/2016,1903.030029,-1,,
2/3/2016,1912.530029,-1,,
2/4/2016,1915.449951,-1,,
2/5/2016,1880.050049,-1,,
2/8/2016,1853.439941,-1,,
2/9/2016,1852.209961,-1,,
2/10/2016,1851.859985,-1,,
2/11/2016,1829.079956,-1,,
2/12/2016,1864.780029,-1,,
2/16/2016,1895.579956,-1,,
2/17/2016,1926.819946,-1,,
2/18/2016,1917.829956,-1,,
2/19/2016,1917.780029,-1,,
2/22/2016,1945.5,-1,,
2/23/2016,1921.27002,-1,,
2/24/2016,1929.800049,-1,,
2/25/2016,1951.699951,-1,,
2/26/2016,1948.050049,-1,,
2/29/2016,1932.22998,-1,,
3/1/2016,1978.349976,-1,,
3/2/2016,1986.449951,-1,,
3/3/2016,1993.400024,-1,,
3/4/2016,1999.98999,-1,,
3/7/2016,2001.76001,-1,,
3/8/2016,1979.26001,0,,
3/9/2016,1989.26001,0,,
3/10/2016,1989.569946,0,,
3/11/2016,2022.189941,0,,
3/14/2016,2019.640015,0,,
3/15/2016,2015.930054,0,,
3/16/2016,2027.219971,0,,
3/17/2016,2040.589966,0,,
3/18/2016,2049.580078,0,,
3/21/2016,2051.600098,0,,
3/22/2016,2049.800049,0,,
3/23/2016,2036.709961,0,,
3/24/2016,2035.939941,0,,
3/28/2016,2037.050049,0,,
3/29/2016,2055.01001,0,,
3/30/2016,2063.949951,0,,
3/31/2016,2059.73999,1,,
4/1/2016,2072.780029,1,,
4/4/2016,2066.129883,1,,
4/5/2016,2045.170044,1,,
4/6/2016,2066.659912,1,,
4/7/2016,2041.910034,1,,
4/8/2016,2047.599976,1,,
4/11/2016,2041.98999,1,,
4/12/2016,2061.719971,1,,
4/13/2016,2082.419922,1,,
4/14/2016,2082.780029,1,,
4/15/2016,2080.72998,1,,
4/18/2016,2094.340088,1,,
4/19/2016,2100.800049,0,,
4/20/2016,2102.399902,0,,
4/21/2016,2091.47998,0,,
4/22/2016,2091.580078,0,,
4/25/2016,2087.790039,0,,
4/26/2016,2091.699951,0,,
4/27/2016,2095.149902,0,,
4/28/2016,2075.810059,0,,
4/29/2016,2065.300049,0,,
5/2/2016,2081.429932,0,,
5/3/2016,2063.370117,0,,
5/4/2016,2051.120117,0,,
5/5/2016,2050.629883,0,,
5/6/2016,2057.139893,0,,
5/9/2016,2058.689941,0,,
5/10/2016,2084.389893,0,,
5/11/2016,2064.459961,0,,
5/12/2016,2064.110107,0,,
5/13/2016,2046.609985,0,,
5/16/2016,2066.659912,0,,
5/17/2016,2047.209961,0,,
5/18/2016,2047.630005,0,,
5/19/2016,2040.040039,0,,
5/20/2016,2052.320068,0,,
5/23/2016,2048.040039,0,,
5/24/2016,2076.060059,0,,
5/25/2016,2090.540039,0,,
5/26/2016,2090.100098,0,,
5/27/2016,2099.060059,0,,
5/31/2016,2096.949951,0,,
6/1/2016,2099.330078,0,,
6/2/2016,2105.26001,0,,
6/3/2016,2099.129883,0,,
6/6/2016,2109.409912,0,,
6/7/2016,2112.129883,0,,
6/8/2016,2119.120117,0,,
6/9/2016,2115.47998,0,,
6/10/2016,2096.070068,0,,
6/13/2016,2079.060059,0,,
6/14/2016,2075.320068,0,,
6/15/2016,2071.5,0,,
6/16/2016,2077.98999,0,,
6/17/2016,2071.219971,0,,
6/20/2016,2083.25,0,,
6/21/2016,2088.899902,0,,
6/22/2016,2085.449951,0,,
6/23/2016,2113.320068,0,,
6/24/2016,2037.410034,0,,
6/27/2016,2000.540039,0,,
6/28/2016,2036.089966,0,,
6/29/2016,2070.77002,0,,
6/30/2016,2098.860107,0,,
7/1/2016,2102.949951,0,,
7/5/2016,2088.550049,0,,
7/6/2016,2099.72998,0,,
7/7/2016,2097.899902,0,,
7/8/2016,2129.899902,0,,
7/11/2016,2137.159912,0,,
7/12/2016,2152.139893,0,,
7/13/2016,2152.429932,0,,
7/14/2016,2163.75,0,,
7/15/2016,2161.73999,0,,
7/18/2016,2166.889893,0,,
7/19/2016,2163.780029,0,,
7/20/2016,2173.02002,0,,
7/21/2016,2165.169922,0,,
7/22/2016,2175.030029,0,,
7/25/2016,2168.47998,0,,
7/26/2016,2169.179932,0,,
7/27/2016,2166.580078,0,,
7/28/2016,2170.060059,0,,
7/29/2016,2173.600098,0,,
8/1/2016,2170.840088,0,,
8/2/2016,2157.030029,0,,
8/3/2016,2163.790039,0,,
8/4/2016,2164.25,0,,
8/5/2016,2182.870117,0,,
8/8/2016,2180.889893,0,,
8/9/2016,2181.73999,0,,
8/10/2016,2175.48999,0,,
8/11/2016,2185.790039,0,,
8/12/2016,2184.050049,0,,
8/15/2016,2190.149902,0,,
8/16/2016,2178.149902,0,,
8/17/2016,2182.219971,0,,
8/18/2016,2187.02002,0,,
8/19/2016,2183.870117,0,,
8/22/2016,2182.639893,0,,
8/23/2016,2186.899902,0,,
8/24/2016,2175.439941,0,,
8/25/2016,2172.469971,0,,
8/26/2016,2169.040039,0,,
8/29/2016,2180.379883,0,,
8/30/2016,2176.120117,0,,
8/31/2016,2170.949951,0,,
9/1/2016,2170.860107,0,,
9/2/2016,2179.97998,0,,
9/6/2016,2186.47998,0,,
9/7/2016,2186.159912,0,,
9/8/2016,2181.300049,0,,
9/9/2016,2127.810059,0,,
9/12/2016,2159.040039,0,,
9/13/2016,2127.02002,0,,
9/14/2016,2125.77002,0,,
9/15/2016,2147.26001,0,,
9/16/2016,2139.159912,0,,
9/19/2016,2139.120117,0,,
9/20/2016,2139.76001,0,,
9/21/2016,2163.120117,0,,
9/22/2016,2177.179932,0,,
9/23/2016,2164.689941,0,,
9/26/2016,2146.100098,0,,
9/27/2016,2159.929932,0,,
9/28/2016,2171.370117,0,,
9/29/2016,2151.129883,0,,
9/30/2016,2168.27002,0,,
10/3/2016,2161.199951,0,,
10/4/2016,2150.48999,0,,
10/5/2016,2159.72998,0,,
10/6/2016,2160.77002,0,,
10/7/2016,2153.73999,0,,
10/10/2016,2163.659912,0,,
10/11/2016,2136.72998,0,,
10/12/2016,2139.179932,0,,
10/13/2016,2132.550049,0,,
10/14/2016,2132.97998,0,,
10/17/2016,2126.5,0,,
10/18/2016,2139.600098,0,,
10/19/2016,2144.290039,0,,
10/20/2016,2141.340088,0,,
10/21/2016,2141.159912,0,,
10/24/2016,2151.330078,0,,
10/25/2016,2143.159912,0,,
10/26/2016,2139.429932,0,,
10/27/2016,2133.040039,-1,,
10/28/2016,2126.409912,-1,,
10/31/2016,2126.149902,-1,,
11/1/2016,2111.719971,-1,,
11/2/2016,2097.939941,-1,,
11/3/2016,2088.659912,-1,,
11/4/2016,2085.179932,-1,,
11/7/2016,2131.52002,-1,,
11/8/2016,2139.560059,-1,,
11/9/2016,2163.26001,-1,,
11/10/2016,2167.47998,-1,,
11/11/2016,2164.449951,-1,,
11/14/2016,2164.199951,-1,,
11/15/2016,2180.389893,-1,,
11/16/2016,2176.939941,-1,,
11/17/2016,2187.120117,-1,,
11/18/2016,2181.899902,0,,
11/21/2016,2198.179932,0,,
11/22/2016,2202.939941,0,,
11/23/2016,2204.719971,0,,
11/25/2016,2213.350098,0,,
11/28/2016,2201.719971,1,,
11/29/2016,2204.659912,1,,
11/30/2016,2198.810059,1,,
12/1/2016,2191.080078,1,,
12/2/2016,2191.949951,1,,
12/5/2016,2204.709961,1,,
12/6/2016,2212.22998,1,,
12/7/2016,2241.350098,1,,
12/8/2016,2246.189941,1,,
12/9/2016,2259.530029,1,,
12/12/2016,2256.959961,1,,
12/13/2016,2271.719971,1,,
12/14/2016,2253.280029,1,,
12/15/2016,2262.030029,1,,
12/16/2016,2258.070068,1,,
12/19/2016,2262.530029,1,,
12/20/2016,2270.76001,1,,
12/21/2016,2265.179932,1,,
12/22/2016,2260.959961,1,,
12/23/2016,2263.790039,1,,
12/27/2016,2268.879883,1,,
12/28/2016,2249.919922,1,,
12/29/2016,2249.26001,1,,
12/30/2016,2238.830078,1,,
1/3/2017,2257.830078,1,,
1/4/2017,2270.75,1,,
1/5/2017,2269,1,,
1/6/2017,2276.97998,1,,
1/9/2017,2268.899902,1,,
1/10/2017,2268.899902,1,,
1/11/2017,2275.320068,1,,
1/12/2017,2270.439941,1,,
1/13/2017,2274.639893,1,,
1/17/2017,2267.889893,1,,
1/18/2017,2271.889893,1,,
1/19/2017,2263.689941,1,,
1/20/2017,2271.310059,1,,
1/23/2017,2265.199951,1,,
1/24/2017,2280.070068,1,,
1/25/2017,2298.370117,1,,
1/26/2017,2296.679932,1,,
1/27/2017,2294.689941,1,,
1/30/2017,2280.899902,1,,
1/31/2017,2278.870117,1,,
2/1/2017,2279.550049,0,,
2/2/2017,2280.850098,0,,
2/3/2017,2297.419922,0,,
2/6/2017,2292.560059,0,,
2/7/2017,2293.080078,0,,
2/8/2017,2294.669922,0,,
2/9/2017,2307.870117,0,,
2/10/2017,2316.100098,0,,
2/13/2017,2328.25,0,,
2/14/2017,2337.580078,0,,
2/15/2017,2349.25,0,,
2/16/2017,2347.219971,0,,
2/17/2017,2351.159912,0,,
2/21/2017,2365.379883,0,,
2/22/2017,2362.820068,0,,
2/23/2017,2363.810059,0,,
2/24/2017,2367.340088,1,,
2/27/2017,2369.75,1,,
2/28/2017,2363.639893,1,,
3/1/2017,2395.959961,1,,
3/2/2017,2381.919922,1,,
3/3/2017,2383.120117,1,,
3/6/2017,2375.310059,1,,
3/7/2017,2368.389893,1,,
3/8/2017,2362.97998,1,,
3/9/2017,2364.870117,1,,
3/10/2017,2372.600098,1,,
3/13/2017,2373.469971,1,,
3/14/2017,2365.449951,1,,
3/15/2017,2385.26001,1,,
3/16/2017,2381.379883,1,,
3/17/2017,2378.25,1,,
3/20/2017,2373.469971,1,,
3/21/2017,2344.02002,1,,
3/22/2017,2348.449951,1,,
3/23/2017,2345.959961,1,,
3/24/2017,2343.97998,1,,
3/27/2017,2341.590088,1,,
3/28/2017,2358.570068,1,,
3/29/2017,2361.129883,1,,
3/30/2017,2368.060059,1,,
3/31/2017,2362.719971,1,,
4/3/2017,2358.840088,0,,
4/4/2017,2360.159912,0,,
4/5/2017,2352.949951,0,,
4/6/2017,2357.48999,0,,
4/7/2017,2355.540039,0,,
4/10/2017,2357.159912,0,,
4/11/2017,2353.780029,0,,
4/12/2017,2344.929932,0,,
4/13/2017,2328.949951,0,,
4/17/2017,2349.01001,0,,
4/18/2017,2342.189941,0,,
4/19/2017,2338.169922,0,,
4/20/2017,2355.840088,0,,
4/21/2017,2348.689941,0,,
4/24/2017,2374.149902,0,,
4/25/2017,2388.610107,0,,
4/26/2017,2387.449951,0,,
4/27/2017,2388.77002,0,,
4/28/2017,2384.199951,0,,
5/1/2017,2388.330078,0,,
5/2/2017,2391.169922,0,,
5/3/2017,2388.129883,0,,
5/4/2017,2389.52002,0,,
5/5/2017,2399.290039,0,,
5/8/2017,2399.379883,0,,
5/9/2017,2396.919922,0,,
5/10/2017,2399.629883,0,,
5/11/2017,2394.439941,1,,
5/12/2017,2390.899902,1,,
5/15/2017,2402.320068,1,,
5/16/2017,2400.669922,1,,
5/17/2017,2357.030029,1,,
5/18/2017,2365.719971,1,,
5/19/2017,2381.72998,1,,
5/22/2017,2394.02002,1,,
5/23/2017,2398.419922,1,,
5/24/2017,2404.389893,1,,
5/25/2017,2415.070068,1,,
5/26/2017,2415.820068,0,,
5/30/2017,2412.909912,0,,
5/31/2017,2411.800049,0,,
6/1/2017,2430.060059,0,,
6/2/2017,2439.070068,0,,
6/5/2017,2436.100098,0,,
6/6/2017,2429.330078,0,,
6/7/2017,2433.139893,0,,
6/8/2017,2433.790039,0,,
6/9/2017,2431.77002,0,,
6/12/2017,2429.389893,0,,
6/13/2017,2440.350098,0,,
6/14/2017,2437.919922,0,,
6/15/2017,2432.459961,0,,
6/16/2017,2433.149902,0,,
6/19/2017,2453.459961,0,,
6/20/2017,2437.030029,0,,
6/21/2017,2435.610107,0,,
6/22/2017,2434.5,0,,
6/23/2017,2438.300049,0,,
6/26/2017,2439.070068,0,,
6/27/2017,2419.379883,0,,
6/28/2017,2440.689941,0,,
6/29/2017,2419.699951,0,,
6/30/2017,2423.409912,0,,
7/3/2017,2429.01001,0,,
7/5/2017,2432.540039,0,,
7/6/2017,2409.75,0,,
7/7/2017,2425.179932,0,,
7/10/2017,2427.429932,0,,
7/11/2017,2425.530029,0,,
7/12/2017,2443.25,0,,
7/13/2017,2447.830078,0,,
7/14/2017,2459.27002,0,,
7/17/2017,2459.139893,0,,
7/18/2017,2460.610107,0,,
7/19/2017,2473.830078,0,,
7/20/2017,2473.449951,0,,
7/21/2017,2472.540039,0,,
7/24/2017,2469.909912,0,,
7/25/2017,2477.129883,0,,
7/26/2017,2477.830078,0,,
7/27/2017,2475.419922,0,,
7/28/2017,2472.100098,0,,
7/31/2017,2470.300049,0,,
8/1/2017,2476.350098,0,,
8/2/2017,2477.570068,0,,
8/3/2017,2472.159912,0,,
8/4/2017,2476.830078,0,,
8/7/2017,2480.909912,0,,
8/8/2017,2474.919922,0,,
8/9/2017,2474.02002,0,,
8/10/2017,2438.209961,0,,
8/11/2017,2441.320068,0,,
8/14/2017,2465.840088,0,,
8/15/2017,2464.610107,0,,
8/16/2017,2468.110107,0,,
8/17/2017,2430.01001,0,,
8/18/2017,2425.550049,0,,
8/21/2017,2428.370117,0,,
8/22/2017,2452.51001,0,,
8/23/2017,2444.040039,0,,
8/24/2017,2438.969971,0,,
8/25/2017,2443.050049,0,,
8/28/2017,2444.23999,0,,
8/29/2017,2446.300049,0,,
8/30/2017,2457.590088,0,,
8/31/2017,2471.649902,0,,
9/1/2017,2476.550049,0,,
9/5/2017,2457.850098,0,,
9/6/2017,2465.540039,0,,
9/7/2017,2465.100098,0,,
9/8/2017,2461.429932,0,,
9/11/2017,2488.110107,0,,
9/12/2017,2496.47998,0,,
9/13/2017,2498.370117,0,,
9/14/2017,2495.620117,0,,
9/15/2017,2500.22998,0,,
9/18/2017,2503.870117,0,,
9/19/2017,2506.649902,0,,
9/20/2017,2508.23999,0,,
9/21/2017,2500.600098,0,,
9/22/2017,2502.219971,0,,
9/25/2017,2496.659912,0,,
9/26/2017,2496.840088,0,,
9/27/2017,2507.040039,0,,
9/28/2017,2510.060059,0,,
9/29/2017,2519.360107,0,,
10/2/2017,2529.120117,0,,
10/3/2017,2534.580078,0,,
10/4/2017,2537.73999,0,,
10/5/2017,2552.070068,0,,
10/6/2017,2549.330078,0,,
10/9/2017,2544.72998,0,,
10/10/2017,2550.639893,0,,
10/11/2017,2555.23999,0,,
10/12/2017,2550.929932,0,,
10/13/2017,2553.169922,0,,
10/16/2017,2557.639893,0,,
10/17/2017,2559.360107,1,,
10/18/2017,2561.26001,1,,
10/19/2017,2562.100098,1,,
10/20/2017,2575.209961,1,,
10/23/2017,2564.97998,1,,
10/24/2017,2569.129883,1,,
10/25/2017,2557.149902,1,,
10/26/2017,2560.399902,1,,
10/27/2017,2581.070068,1,,
10/30/2017,2572.830078,1,,
10/31/2017,2575.26001,1,,
11/1/2017,2579.360107,1,,
11/2/2017,2579.850098,1,,
11/3/2017,2587.840088,1,,
11/6/2017,2591.129883,1,,
11/7/2017,2590.639893,1,,
11/8/2017,2594.379883,1,,
11/9/2017,2584.620117,1,,
11/10/2017,2582.300049,1,,
11/13/2017,2584.840088,1,,
11/14/2017,2578.870117,1,,
11/15/2017,2564.620117,1,,
11/16/2017,2585.639893,1,,
11/17/2017,2578.850098,1,,
11/20/2017,2582.139893,1,,
11/21/2017,2599.030029,1,,
11/22/2017,2597.080078,1,,
11/24/2017,2602.419922,0,,
11/27/2017,2601.419922,0,,
11/28/2017,2627.040039,0,,
11/29/2017,2626.070068,0,,
11/30/2017,2647.580078,0,,
12/1/2017,2642.219971,0,,
12/4/2017,2639.439941,0,,
12/5/2017,2629.570068,0,,
12/6/2017,2629.27002,1,,
12/7/2017,2636.97998,1,,
12/8/2017,2651.5,1,,
12/11/2017,2659.98999,1,,
12/12/2017,2664.110107,1,,
12/13/2017,2662.850098,1,,
12/14/2017,2652.01001,1,,
12/15/2017,2675.810059,1,,
12/18/2017,2690.159912,1,,
12/19/2017,2681.469971,1,,
12/20/2017,2679.25,1,,
12/21/2017,2684.570068,1,,
12/22/2017,2683.340088,1,,
12/26/2017,2680.5,1,,
12/27/2017,2682.620117,1,,
12/28/2017,2687.540039,1,,
12/29/2017,2673.610107,1,,
1/2/2018,2695.810059,1,,
1/3/2018,2713.060059,1,,
1/4/2018,2723.98999,1,,
1/5/2018,2743.149902,1,,
1/8/2018,2747.709961,1,,
1/9/2018,2751.290039,1,,
1/10/2018,2748.22998,1,,
1/11/2018,2767.560059,1,,
1/12/2018,2786.23999,1,,
1/16/2018,2776.419922,1,,
1/17/2018,2802.560059,1,,
1/18/2018,2798.030029,1,,
1/19/2018,2810.300049,1,,
1/22/2018,2832.969971,1,,
1/23/2018,2839.129883,1,,
1/24/2018,2837.540039,1,,
1/25/2018,2839.25,1,,
1/26/2018,2872.870117,1,,
1/29/2018,2853.530029,1,,
1/30/2018,2822.429932,1,,
1/31/2018,2823.810059,1,,
2/1/2018,2821.97998,1,,
2/2/2018,2762.129883,1,,
2/5/2018,2648.939941,1,,
2/6/2018,2695.139893,1,,
2/7/2018,2681.659912,1,,
2/8/2018,2581,1,,
2/9/2018,2619.550049,1,,
2/12/2018,2656,1,,
2/13/2018,2662.939941,0,,
2/14/2018,2698.629883,0,,
2/15/2018,2731.199951,0,,
2/16/2018,2732.219971,0,,
2/20/2018,2716.26001,0,,
2/21/2018,2701.330078,0,,
2/22/2018,2703.959961,0,,
2/23/2018,2747.300049,0,,
2/26/2018,2779.600098,0,,
2/27/2018,2744.280029,0,,
2/28/2018,2713.830078,0,,
3/1/2018,2677.669922,0,,
3/2/2018,2691.25,0,,
3/5/2018,2720.939941,0,,
3/6/2018,2728.120117,0,,
3/7/2018,2726.800049,0,,
3/8/2018,2738.969971,0,,
3/9/2018,2786.570068,0,,
3/12/2018,2783.02002,0,,
3/13/2018,2765.310059,0,,
3/14/2018,2749.47998,0,,
3/15/2018,2747.330078,0,,
3/16/2018,2752.01001,0,,
3/19/2018,2712.919922,0,,
3/20/2018,2716.939941,0,,
3/21/2018,2711.929932,0,,
3/22/2018,2643.689941,0,,
3/23/2018,2588.26001,0,,
3/26/2018,2658.550049,0,,
3/27/2018,2612.620117,0,,
3/28/2018,2605,0,,
3/29/2018,2640.870117,0,,
4/2/2018,2581.879883,0,,
4/3/2018,2614.449951,0,,
4/4/2018,2644.689941,0,,
4/5/2018,2662.840088,0,,
4/6/2018,2604.469971,-1,,
4/9/2018,2613.159912,-1,,
4/10/2018,2656.870117,-1,,
4/11/2018,2642.189941,-1,,
4/12/2018,2663.98999,-1,,
4/13/2018,2656.300049,-1,,
4/16/2018,2677.840088,-1,,
4/17/2018,2706.389893,-1,,
4/18/2018,2708.639893,-1,,
4/19/2018,2693.129883,-1,,
4/20/2018,2670.139893,-1,,
4/23/2018,2670.290039,-1,,
4/24/2018,2634.560059,-1,,
4/25/2018,2639.399902,-1,,
4/26/2018,2666.939941,-1,,
4/27/2018,2669.909912,-1,,
4/30/2018,2648.050049,-1,,
5/1/2018,2654.800049,-1,,
5/2/2018,2635.669922,-1,,
5/3/2018,2629.72998,-1,,
5/4/2018,2663.419922,-1,,
5/7/2018,2672.629883,-1,,
5/8/2018,2671.919922,-1,,
5/9/2018,2697.790039,-1,,
5/10/2018,2723.070068,-1,,
5/11/2018,2727.719971,-1,,
5/14/2018,2730.129883,-1,,
5/15/2018,2711.449951,-1,,
5/16/2018,2722.459961,-1,,
5/17/2018,2720.129883,-1,,
5/18/2018,2712.969971,-1,,
5/21/2018,2733.01001,0,,
5/22/2018,2724.439941,0,,
5/23/2018,2733.290039,0,,
5/24/2018,2727.76001,0,,
5/25/2018,2721.330078,0,,
5/29/2018,2689.860107,0,,
5/30/2018,2724.01001,0,,
5/31/2018,2705.27002,0,,
6/1/2018,2734.620117,0,,
6/4/2018,2746.870117,0,,
6/5/2018,2748.800049,0,,
6/6/2018,2772.350098,0,,
6/7/2018,2770.370117,0,,
6/8/2018,2779.030029,0,,
6/11/2018,2782,0,,
6/12/2018,2786.850098,0,,
6/13/2018,2775.629883,0,,
6/14/2018,2782.48999,0,,
6/15/2018,2779.659912,0,,
6/18/2018,2773.75,0,,
6/19/2018,2762.590088,0,,
6/20/2018,2767.320068,0,,
6/21/2018,2749.76001,0,,
6/22/2018,2754.879883,0,,
6/25/2018,2717.070068,0,,
6/26/2018,2723.060059,0,,
6/27/2018,2699.629883,0,,
6/28/2018,2716.310059,0,,
6/29/2018,2718.370117,0,,
7/2/2018,2726.709961,0,,
7/3/2018,2713.219971,0,,
7/5/2018,2736.610107,0,,
7/6/2018,2759.820068,0,,
7/9/2018,2784.169922,0,,
7/10/2018,2793.840088,0,,
7/11/2018,2774.02002,0,,
7/12/2018,2798.290039,0,,
7/13/2018,2801.310059,0,,
7/16/2018,2798.429932,0,,
7/17/2018,2809.550049,0,,
7/18/2018,2815.620117,0,,
7/19/2018,2804.48999,0,,
7/20/2018,2801.830078,0,,
7/23/2018,2806.97998,0,,
7/24/2018,2820.399902,0,,
7/25/2018,2846.070068,0,,
7/26/2018,2837.439941,0,,
7/27/2018,2818.820068,0,,
7/30/2018,2802.600098,0,,
7/31/2018,2816.290039,0,,
8/1/2018,2813.360107,0,,
8/2/2018,2827.219971,0,,
8/3/2018,2840.350098,0,,
8/6/2018,2850.399902,0,,
8/7/2018,2858.449951,0,,
8/8/2018,2857.699951,0,,
8/9/2018,2853.580078,0,,
8/10/2018,2833.280029,0,,
8/13/2018,2821.929932,0,,
8/14/2018,2839.959961,0,,
8/15/2018,2818.370117,0,,
8/16/2018,2840.689941,0,,
8/17/2018,2850.129883,0,,
8/20/2018,2857.050049,0,,
8/21/2018,2862.959961,0,,
8/22/2018,2861.820068,0,,
8/23/2018,2856.97998,0,,
8/24/2018,2874.689941,0,,
8/27/2018,2896.73999,0,,
8/28/2018,2897.52002,0,,
8/29/2018,2914.040039,0,,
8/30/2018,2901.129883,0,,
8/31/2018,2901.52002,0,,
9/4/2018,2896.719971,0,,
9/5/2018,2888.600098,0,,
9/6/2018,2878.050049,0,,
9/7/2018,2871.679932,0,,
9/10/2018,2877.129883,0,,
9/11/2018,2887.889893,0,,
9/12/2018,2888.919922,0,,
9/13/2018,2904.179932,0,,
9/14/2018,2904.97998,0,,
9/17/2018,2888.800049,0,,
9/18/2018,2904.310059,0,,
9/19/2018,2907.949951,0,,
9/20/2018,2930.75,0,,
9/21/2018,2929.669922,0,,
9/24/2018,2919.370117,0,,
9/25/2018,2915.560059,0,,
9/26/2018,2905.969971,0,,
9/27/2018,2914,0,,
9/28/2018,2913.97998,0,,
10/1/2018,2924.590088,0,,
10/2/2018,2923.429932,0,,
10/3/2018,2925.51001,0,,
10/4/2018,2901.610107,0,,
10/5/2018,2885.570068,0,,
10/8/2018,2884.429932,0,,
10/9/2018,2880.340088,0,,
10/10/2018,2785.679932,0,,
10/11/2018,2728.370117,0,,
10/12/2018,2767.129883,0,,
10/15/2018,2750.790039,0,,
10/16/2018,2809.919922,0,,
10/17/2018,2809.209961,0,,
10/18/2018,2768.780029,0,,
10/19/2018,2767.780029,0,,
10/22/2018,2755.879883,0,,
10/23/2018,2740.689941,0,,
10/24/2018,2656.100098,0,,
10/25/2018,2705.570068,0,,
10/26/2018,2658.689941,-1,,
10/29/2018,2641.25,-1,,
10/30/2018,2682.629883,-1,,
10/31/2018,2711.73999,-1,,
11/1/2018,2740.370117,-1,,
11/2/2018,2723.060059,-1,,
11/5/2018,2738.310059,-1,,
11/6/2018,2755.449951,-1,,
11/7/2018,2813.889893,-1,,
11/8/2018,2806.830078,-1,,
11/9/2018,2781.01001,-1,,
11/12/2018,2726.219971,-1,,
11/13/2018,2722.179932,-1,,
11/14/2018,2701.580078,-1,,
11/15/2018,2730.199951,-1,,
11/16/2018,2736.27002,-1,,
11/19/2018,2690.72998,-1,,
11/20/2018,2641.889893,-1,,
11/21/2018,2649.929932,-1,,
11/23/2018,2632.560059,-1,,
11/26/2018,2673.449951,-1,,
11/27/2018,2682.169922,-1,,
11/28/2018,2743.790039,-1,,
11/29/2018,2737.800049,-1,,
11/30/2018,2760.169922,-1,,
12/3/2018,2790.370117,-1,,
12/4/2018,2700.060059,-1,,
12/6/2018,2695.949951,-1,,
12/7/2018,2633.080078,-1,,
12/10/2018,2637.719971,-1,,
12/11/2018,2636.780029,-1,,
12/12/2018,2651.070068,-1,,
12/13/2018,2650.540039,-1,,
12/14/2018,2599.949951,-1,,
12/17/2018,2545.939941,-1,,
12/18/2018,2546.159912,-1,,
12/19/2018,2506.959961,-1,,
12/20/2018,2467.419922,-1,,
12/21/2018,2416.620117,-1,,
12/24/2018,2351.100098,-1,,
12/26/2018,2467.699951,-1,,
12/27/2018,2488.830078,-1,,
12/28/2018,2485.73999,-1,,
12/31/2018,2506.850098,-1,,
1/2/2019,2510.030029,-1,,
1/3/2019,2447.889893,-1,,
1/4/2019,2531.939941,-1,,
1/7/2019,2549.689941,-1,,
1/8/2019,2574.409912,-1,,
1/9/2019,2584.959961,-1,,
1/10/2019,2596.639893,-1,,
1/11/2019,2596.26001,-1,,
1/14/2019,2582.610107,-1,,
1/15/2019,2610.300049,-1,,
1/16/2019,2616.100098,-1,,
1/17/2019,2635.959961,-1,,
1/18/2019,2670.709961,-1,,
1/22/2019,2632.899902,-1,,
1/23/2019,2638.699951,-1,,
1/24/2019,2642.330078,-1,,
1/25/2019,2664.76001,0,,
1/28/2019,2643.850098,0,,
1/29/2019,2640,0,,
1/30/2019,2681.050049,0,,
1/31/2019,2704.100098,0,,
2/1/2019,2706.530029,0,,
2/4/2019,2724.870117,0,,
2/5/2019,2737.699951,0,,
2/6/2019,2731.610107,0,,
2/7/2019,2706.050049,0,,
2/8/2019,2707.879883,0,,
2/11/2019,2709.800049,0,,
2/12/2019,2744.72998,0,,
2/13/2019,2753.030029,0,,
2/14/2019,2745.72998,0,,
2/15/2019,2775.600098,0,,
2/19/2019,2779.76001,0,,
2/20/2019,2784.699951,0,,
2/21/2019,2774.879883,0,,
2/22/2019,2792.669922,0,,
2/25/2019,2796.110107,0,,
2/26/2019,2793.899902,0,,
2/27/2019,2792.379883,0,,
2/28/2019,2784.48999,0,,
3/1/2019,2803.689941,0,,
3/4/2019,2792.810059,1,,
3/5/2019,2789.649902,1,,
3/6/2019,2771.449951,1,,
3/7/2019,2748.929932,1,,
3/8/2019,2743.070068,1,,
3/11/2019,2783.300049,1,,
3/12/2019,2791.52002,1,,
3/13/2019,2810.919922,1,,
3/14/2019,2808.47998,1,,
3/15/2019,2822.47998,1,,
3/18/2019,2832.939941,0,,
3/19/2019,2832.570068,0,,
3/20/2019,2824.22998,0,,
3/21/2019,2854.879883,0,,
3/22/2019,2800.709961,0,,
3/25/2019,2798.360107,0,,
3/26/2019,2818.459961,0,,
3/27/2019,2805.370117,0,,
3/28/2019,2815.439941,0,,
3/29/2019,2834.399902,0,,
4/1/2019,2867.189941,0,,
4/2/2019,2867.23999,0,,
4/3/2019,2873.399902,0,,
4/4/2019,2879.389893,0,,
4/5/2019,2892.73999,1,,
4/8/2019,2895.77002,1,,
4/9/2019,2878.199951,1,,
4/10/2019,2888.209961,1,,
4/11/2019,2888.320068,1,,
4/12/2019,2907.409912,1,,
4/15/2019,2905.580078,1,,
4/16/2019,2907.060059,1,,
4/17/2019,2900.449951,1,,
4/18/2019,2905.030029,1,,
4/22/2019,2907.969971,1,,
4/23/2019,2933.679932,1,,
4/24/2019,2927.25,1,,
4/25/2019,2926.169922,1,,
4/26/2019,2939.879883,1,,
4/29/2019,2943.030029,1,,
4/30/2019,2945.830078,1,,
5/1/2019,2923.72998,1,,
5/2/2019,2917.52002,1,,
5/3/2019,2945.639893,1,,
5/6/2019,2932.469971,1,,
5/7/2019,2884.050049,1,,
5/8/2019,2879.419922,1,,
5/9/2019,2870.719971,1,,
5/10/2019,2881.399902,1,,
5/13/2019,2811.870117,1,,
5/14/2019,2834.409912,1,,
5/15/2019,2850.959961,0,,
5/16/2019,2876.320068,0,,
5/17/2019,2859.530029,0,,
5/20/2019,2840.22998,0,,
5/21/2019,2864.360107,0,,
5/22/2019,2856.27002,0,,
5/23/2019,2822.23999,0,,
5/24/2019,2826.060059,0,,
5/28/2019,2802.389893,0,,
5/29/2019,2783.02002,0,,
5/30/2019,2788.860107,0,,
5/31/2019,2752.060059,0,,
6/3/2019,2744.449951,0,,
6/4/2019,2803.27002,0,,
6/5/2019,2826.149902,0,,
6/6/2019,2843.48999,0,,
6/7/2019,2873.340088,0,,
6/10/2019,2886.72998,0,,
6/11/2019,2885.719971,0,,
6/12/2019,2879.840088,0,,
6/13/2019,2891.639893,0,,
6/14/2019,2886.97998,0,,
6/17/2019,2889.669922,0,,
6/18/2019,2917.75,0,,
6/19/2019,2926.459961,0,,
6/20/2019,2954.179932,0,,
6/21/2019,2950.459961,0,,
6/24/2019,2945.350098,0,,
6/25/2019,2917.379883,1,,
6/26/2019,2913.780029,1,,
6/27/2019,2924.919922,1,,
6/28/2019,2941.76001,1,,
7/1/2019,2964.330078,1,,
7/2/2019,2973.01001,1,,
7/3/2019,2995.820068,1,,
7/5/2019,2990.409912,1,,
7/8/2019,2975.949951,1,,
7/9/2019,2979.629883,1,,
7/10/2019,2993.070068,1,,
7/11/2019,2999.909912,1,,
7/12/2019,3013.77002,1,,
7/15/2019,3014.300049,1,,
7/16/2019,3004.040039,1,,
7/17/2019,2984.419922,1,,
7/18/2019,2995.110107,1,,
7/19/2019,2976.610107,1,,
7/22/2019,2985.030029,1,,
7/23/2019,3005.469971,1,,
7/24/2019,3019.560059,1,,
7/25/2019,3003.669922,1,,
7/26/2019,3025.860107,1,,
7/29/2019,3020.969971,1,,
7/30/2019,3013.179932,1,,
7/31/2019,2980.379883,1,,
8/1/2019,2953.560059,1,,
8/2/2019,2932.050049,1,,
8/5/2019,2844.73999,1,,
8/6/2019,2881.77002,1,,
8/7/2019,2883.97998,1,,
8/8/2019,2938.090088,1,,
8/9/2019,2918.649902,0,,
8/12/2019,2882.699951,0,,
8/13/2019,2926.320068,0,,
8/14/2019,2840.600098,0,,
8/15/2019,2847.600098,0,,
8/16/2019,2888.679932,0,,
8/19/2019,2923.649902,0,,
8/20/2019,2900.51001,0,,
8/21/2019,2924.429932,0,,
8/22/2019,2922.949951,0,,
8/23/2019,2847.110107,0,,
8/26/2019,2878.379883,0,,
8/27/2019,2869.159912,0,,
8/28/2019,2887.939941,0,,
8/29/2019,2924.580078,0,,
8/30/2019,2926.459961,0,,
9/3/2019,2906.27002,0,,
9/4/2019,2937.780029,0,,
9/5/2019,2976,0,,
9/6/2019,2978.709961,0,,
9/9/2019,2978.429932,0,,
9/10/2019,2979.389893,0,,
9/11/2019,3000.929932,0,,
9/12/2019,3009.570068,0,,
9/13/2019,3007.389893,0,,
9/16/2019,2997.959961,0,,
9/17/2019,3005.699951,0,,
9/18/2019,3006.72998,0,,
9/19/2019,3006.790039,0,,
9/20/2019,2992.070068,0,,
9/23/2019,2991.780029,0,,
9/24/2019,2966.600098,0,,
9/25/2019,2984.870117,0,,
9/26/2019,2977.620117,0,,
9/27/2019,2961.790039,0,,
9/30/2019,2976.73999,0,,
10/1/2019,2940.25,0,,
10/2/2019,2887.610107,0,,
10/3/2019,2910.629883,0,,
10/4/2019,2952.01001,0,,
10/7/2019,2938.790039,0,,
10/8/2019,2893.060059,0,,
10/9/2019,2919.399902,0,,
10/10/2019,2938.129883,0,,
10/11/2019,2970.27002,0,,
10/14/2019,2966.149902,0,,
10/15/2019,2995.679932,0,,
10/16/2019,2989.689941,0,,
10/17/2019,2997.949951,0,,
10/18/2019,2986.199951,0,,
10/21/2019,3006.719971,0,,
10/22/2019,2995.98999,0,,
10/23/2019,3004.52002,0,,
10/24/2019,3010.290039,0,,
10/25/2019,3022.550049,0,,
10/28/2019,3039.419922,0,,
10/29/2019,3036.889893,0,,
10/30/2019,3046.77002,0,,
10/31/2019,3037.560059,0,,
11/1/2019,3066.909912,0,,
11/4/2019,3078.27002,0,,
11/5/2019,3074.620117,0,,
11/6/2019,3076.780029,0,,
11/7/2019,3085.179932,0,,
11/8/2019,3093.080078,0,,
11/11/2019,3087.01001,0,,
11/12/2019,3091.840088,0,,
11/13/2019,3094.040039,0,,
11/14/2019,3096.629883,0,,
11/15/2019,3120.459961,0,,
11/18/2019,3122.030029,1,,
11/19/2019,3120.179932,1,,
11/20/2019,3108.459961,1,,
11/21/2019,3103.540039,1,,
11/22/2019,3110.290039,1,,
11/25/2019,3133.639893,1,,
11/26/2019,3140.52002,1,,
11/27/2019,3153.629883,1,,
11/29/2019,3140.97998,1,,
12/2/2019,3113.870117,1,,
12/3/2019,3093.199951,1,,
12/4/2019,3112.76001,1,,
12/5/2019,3117.429932,1,,
12/6/2019,3145.909912,1,,
12/9/2019,3135.959961,1,,
12/10/2019,3132.52002,1,,
12/11/2019,3141.629883,1,,
12/12/2019,3168.570068,1,,
12/13/2019,3168.800049,1,,
12/16/2019,3191.449951,1,,
12/17/2019,3192.52002,1,,
12/18/2019,3191.139893,1,,
12/19/2019,3205.370117,1,,
12/20/2019,3221.219971,1,,
12/23/2019,3224.01001,1,,
12/24/2019,3223.379883,1,,
12/26/2019,3239.909912,1,,
12/27/2019,3240.02002,1,,
12/30/2019,3221.290039,1,,
12/31/2019,3230.780029,1,,
1/2/2020,3257.850098,1,,
1/3/2020,3234.850098,1,,
1/6/2020,3246.280029,1,,
1/7/2020,3237.179932,1,,
1/8/2020,3253.050049,1,,
1/9/2020,3274.699951,1,,
1/10/2020,3265.350098,1,,
1/13/2020,3288.129883,1,,
1/14/2020,3283.149902,1,,
1/15/2020,3289.290039,1,,
1/16/2020,3316.810059,1,,
1/17/2020,3329.620117,1,,
1/21/2020,3320.790039,1,,
1/22/2020,3321.75,1,,
1/23/2020,3325.540039,1,,
1/24/2020,3295.469971,1,,
1/27/2020,3243.629883,1,,
1/28/2020,3276.23999,1,,
1/29/2020,3273.399902,1,,
1/30/2020,3283.659912,1,,
1/31/2020,3225.52002,1,,
2/3/2020,3248.919922,1,,
2/4/2020,3297.590088,1,,
2/5/2020,3334.689941,1,,
2/6/2020,3345.780029,1,,
2/7/2020,3327.709961,1,,
2/10/2020,3352.090088,1,,
2/11/2020,3357.75,1,,
2/12/2020,3379.449951,1,,
2/13/2020,3373.939941,1,,
2/14/2020,3380.159912,1,,
2/18/2020,3370.290039,1,,
2/19/2020,3386.149902,1,,
2/20/2020,3373.22998,1,,
2/21/2020,3337.75,1,,
2/24/2020,3225.889893,1,,
2/25/2020,3128.209961,1,,
2/26/2020,3116.389893,1,,
2/27/2020,2978.76001,1,,
2/28/2020,2954.219971,1,,
3/2/2020,3090.22998,1,,
3/3/2020,3003.370117,0,,
3/4/2020,3130.120117,0,,
3/5/2020,3023.939941,0,,
3/6/2020,2972.370117,0,,
3/9/2020,2746.560059,0,,
3/10/2020,2882.22998,0,,
3/11/2020,2741.379883,0,,
3/12/2020,2480.639893,-1,,
3/13/2020,2711.02002,-1,,
3/16/2020,2386.129883,-1,,
3/17/2020,2529.189941,-1,,
3/18/2020,2398.100098,-1,,
3/19/2020,2409.389893,-1,,
3/20/2020,2304.919922,-1,,
3/23/2020,2237.399902,-1,,
3/24/2020,2447.330078,-1,,
3/25/2020,2475.560059,-1,,
3/26/2020,2630.070068,-1,,
3/27/2020,2541.469971,-1,,
3/30/2020,2626.649902,-1,,
3/31/2020,2584.590088,-1,,
4/1/2020,2470.5,-1,,
4/2/2020,2526.899902,-1,,
4/3/2020,2488.649902,-1,,
4/6/2020,2663.679932,-1,,
4/7/2020,2659.409912,-1,,
4/8/2020,2749.97998,-1,,
4/9/2020,2789.820068,-1,,
4/13/2020,2761.629883,-1,,
4/14/2020,2846.060059,-1,,
4/15/2020,2783.360107,-1,,
4/16/2020,2799.550049,-1,,
4/17/2020,2874.560059,0,,
4/20/2020,2823.159912,0,,
4/21/2020,2736.560059,0,,
4/22/2020,2799.310059,0,,
4/23/2020,2797.800049,0,,
4/24/2020,2836.73999,0,,
4/27/2020,2878.47998,0,,
4/28/2020,2863.389893,0,,
4/29/2020,2939.51001,0,,
4/30/2020,2912.429932,0,,
5/1/2020,2830.709961,0,,
5/4/2020,2842.73999,0,,
5/5/2020,2868.439941,0,,
5/6/2020,2848.419922,0,,
5/7/2020,2881.189941,0,,
5/8/2020,2929.800049,0,,
5/11/2020,2930.189941,0,,
5/12/2020,2870.120117,0,,
5/13/2020,2820,0,,
5/14/2020,2852.5,0,,
5/15/2020,2863.699951,0,,
5/18/2020,2953.909912,0,,
5/19/2020,2922.939941,0,,
5/20/2020,2971.610107,0,,
5/21/2020,2948.51001,0,,
5/22/2020,2955.449951,0,,
5/26/2020,2991.77002,0,,
5/27/2020,3036.129883,0,,
5/28/2020,3029.72998,0,,
5/29/2020,3044.310059,0,,
6/1/2020,3055.72998,0,,
6/2/2020,3080.820068,0,,
6/3/2020,3122.870117,0,,
6/4/2020,3112.350098,0,,
6/5/2020,3193.929932,0,,
6/8/2020,3232.389893,0,,
6/9/2020,3207.179932,0,,
6/10/2020,3190.139893,0,,
6/11/2020,3002.100098,0,,
6/12/2020,3041.310059,0,,
6/15/2020,3066.590088,0,,
6/16/2020,3124.73999,0,,
6/17/2020,3113.48999,0,,
6/18/2020,3115.340088,0,,
6/19/2020,3097.73999,0,,
6/22/2020,3117.860107,0,,
6/23/2020,3131.290039,0,,
6/24/2020,3050.330078,0,,
6/25/2020,3083.76001,0,,
6/26/2020,3009.050049,0,,
6/29/2020,3053.23999,0,,
6/30/2020,3100.290039,0,,
7/1/2020,3115.860107,0,,
7/2/2020,3130.01001,0,,
7/6/2020,3179.719971,0,,
7/7/2020,3145.320068,0,,
7/8/2020,3169.939941,0,,
7/9/2020,3152.050049,0,,
7/10/2020,3185.040039,0,,
7/13/2020,3155.219971,0,,
7/14/2020,3197.52002,0,,
7/15/2020,3226.560059,0,,
7/16/2020,3215.570068,0,,
7/17/2020,3224.72998,0,,
7/20/2020,3251.840088,0,,
7/21/2020,3257.300049,0,,
7/22/2020,3276.02002,0,,
7/23/2020,3235.659912,0,,
7/24/2020,3215.629883,0,,
7/27/2020,3239.409912,0,,
7/28/2020,3218.439941,0,,
7/29/2020,3258.439941,0,,
7/30/2020,3246.219971,0,,
7/31/2020,3271.120117,0,,
8/3/2020,3294.610107,0,,
8/4/2020,3306.51001,0,,
8/5/2020,3327.77002,0,,
8/6/2020,3349.159912,0,,
8/7/2020,3351.280029,0,,
8/10/2020,3360.469971,0,,
8/11/2020,3333.689941,0,,
8/12/2020,3380.350098,0,,
8/13/2020,3373.429932,0,,
8/14/2020,3372.850098,0,,
8/17/2020,3381.98999,1,,
8/18/2020,3389.780029,1,,
8/19/2020,3374.850098,1,,
8/20/2020,3385.51001,1,,
8/21/2020,3397.159912,1,,
8/24/2020,3431.280029,1,,
8/25/2020,3443.620117,1,,
8/26/2020,3478.72998,1,,
8/27/2020,3484.550049,1,,
8/28/2020,3508.01001,1,,
8/31/2020,3500.310059,1,,
9/1/2020,3526.649902,1,,
9/2/2020,3580.840088,1,,
9/3/2020,3455.060059,1,,
9/4/2020,3426.959961,1,,
9/8/2020,3331.840088,1,,
9/9/2020,3398.959961,1,,
9/10/2020,3339.189941,1,,
9/11/2020,3340.969971,1,,
9/14/2020,3383.540039,1,,
9/15/2020,3401.199951,1,,
9/16/2020,3385.48999,1,,
9/17/2020,3357.01001,1,,
9/18/2020,3319.469971,1,,
9/21/2020,3281.060059,0,,
9/22/2020,3315.570068,0,,
9/23/2020,3236.919922,0,,
9/24/2020,3246.590088,0,,
9/25/2020,3298.459961,0,,
9/28/2020,3351.600098,0,,
9/29/2020,3335.469971,0,,
9/30/2020,3363,0,,
10/1/2020,3380.800049,0,,
10/2/2020,3348.419922,0,,
10/5/2020,3408.600098,0,,
10/6/2020,3360.969971,0,,
10/7/2020,3419.439941,0,,
10/8/2020,3446.830078,0,,
10/9/2020,3477.139893,0,,
10/12/2020,3534.219971,0,,
10/13/2020,3511.929932,0,,
10/14/2020,3488.669922,0,,
10/15/2020,3483.340088,0,,
10/16/2020,3483.810059,0,,
10/19/2020,3426.919922,0,,
10/20/2020,3443.120117,0,,
10/21/2020,3435.560059,0,,
10/22/2020,3453.48999,0,,
10/23/2020,3465.389893,0,,
10/26/2020,3400.969971,0,,
10/27/2020,3390.679932,0,,
10/28/2020,3271.030029,0,,
10/29/2020,3310.110107,0,,
10/30/2020,3269.959961,0,,
11/2/2020,3310.23999,0,,
11/3/2020,3369.159912,0,,
11/4/2020,3443.439941,0,,
11/5/2020,3510.449951,0,,
11/6/2020,3509.439941,0,,
11/9/2020,3550.5,0,,
11/10/2020,3545.530029,0,,
11/11/2020,3572.659912,0,,
11/12/2020,3537.01001,0,,
11/13/2020,3585.149902,0,,
11/16/2020,3626.909912,0,,
11/17/2020,3609.530029,0,,
11/18/2020,3567.790039,0,,
11/19/2020,3581.870117,0,,
11/20/2020,3557.540039,0,,
11/23/2020,3577.590088,0,,
11/24/2020,3635.409912,0,,
11/25/2020,3629.649902,0,,
11/27/2020,3638.350098,0,,
11/30/2020,3621.629883,0,,
12/1/2020,3662.449951,0,,
12/2/2020,3669.01001,0,,
12/3/2020,3666.719971,0,,
12/4/2020,3699.120117,0,,
12/7/2020,3691.959961,0,,
12/8/2020,3702.25,0,,
12/9/2020,3672.820068,0,,
12/10/2020,3668.100098,0,,
12/11/2020,3663.459961,0,,
12/14/2020,3647.48999,1,,
12/15/2020,3694.620117,1,,
12/16/2020,3701.169922,1,,
12/17/2020,3722.47998,1,,
12/18/2020,3709.409912,1,,
12/21/2020,3694.919922,1,,
12/22/2020,3687.26001,1,,
12/23/2020,3690.01001,1,,
12/24/2020,3703.060059,1,,
12/28/2020,3735.360107,1,,
12/29/2020,3727.040039,1,,
12/30/2020,3732.040039,1,,
12/31/2020,3756.070068,0,,
1/4/2021,3700.649902,0,,
1/5/2021,3726.860107,0,,
1/6/2021,3748.139893,0,,
1/7/2021,3803.790039,0,,
1/8/2021,3824.679932,0,,
1/11/2021,3799.610107,0,,
1/12/2021,3801.189941,0,,
1/13/2021,3809.840088,0,,
1/14/2021,3795.540039,0,,
1/15/2021,3768.25,0,,
1/19/2021,3798.909912,0,,
1/20/2021,3851.850098,0,,
1/21/2021,3853.070068,0,,
1/22/2021,3841.469971,0,,
1/25/2021,3855.360107,0,,
1/26/2021,3849.620117,0,,
1/27/2021,3750.77002,0,,
1/28/2021,3787.379883,0,,
1/29/2021,3714.23999,0,,
2/1/2021,3773.860107,0,,
2/2/2021,3826.310059,0,,
2/3/2021,3830.169922,0,,
2/4/2021,3871.73999,0,,
2/5/2021,3886.830078,0,,
2/8/2021,3915.590088,0,,
2/9/2021,3911.22998,0,,
2/10/2021,3909.879883,0,,
2/11/2021,3916.379883,0,,
2/12/2021,3934.830078,0,,
2/16/2021,3932.590088,0,,
2/17/2021,3931.330078,0,,
2/18/2021,3913.969971,0,,
2/19/2021,3906.709961,0,,
2/22/2021,3876.5,0,,
2/23/2021,3881.370117,0,,
2/24/2021,3925.429932,0,,
2/25/2021,3829.340088,0,,
2/26/2021,3811.149902,0,,
3/1/2021,3901.820068,0,,
3/2/2021,3870.290039,0,,
3/3/2021,3819.719971,0,,
3/4/2021,3768.469971,0,,
3/5/2021,3841.939941,0,,
3/8/2021,3821.350098,0,,
3/9/2021,3875.439941,0,,
3/10/2021,3898.810059,0,,
3/11/2021,3939.340088,0,,
3/12/2021,3943.340088,0,,
3/15/2021,3968.939941,0,,
3/16/2021,3962.709961,0,,
3/17/2021,3974.120117,0,,
3/18/2021,3915.459961,0,,
3/19/2021,3913.100098,0,,
3/22/2021,3940.590088,0,,
3/23/2021,3910.52002,0,,
3/24/2021,3889.139893,0,,
3/25/2021,3909.52002,0,,
3/26/2021,3974.540039,0,,
3/29/2021,3971.090088,0,,
3/30/2021,3958.550049,0,,
3/31/2021,3972.889893,0,,
4/1/2021,4019.870117,0,,
4/5/2021,4077.909912,0,,
4/6/2021,4073.939941,0,,
4/7/2021,4079.949951,0,,
4/8/2021,4097.169922,0,,
4/9/2021,4128.799805,0,,
4/12/2021,4127.990234,0,,
4/13/2021,4141.589844,0,,
4/14/2021,4124.660156,0,,
4/15/2021,4170.419922,0,,
4/16/2021,4185.470215,0,,
4/19/2021,4163.259766,0,,
4/20/2021,4134.939941,0,,
4/21/2021,4173.419922,0,,
4/22/2021,4134.97998,1,,
4/23/2021,4180.169922,1,,
4/26/2021,4187.620117,1,,
4/27/2021,4186.720215,1,,
4/28/2021,4183.180176,1,,
4/29/2021,4211.470215,1,,
4/30/2021,4181.169922,1,,
5/3/2021,4192.660156,1,,
5/4/2021,4164.660156,1,,
5/5/2021,4167.589844,1,,
5/6/2021,4201.620117,1,,
5/7/2021,4232.600098,1,,
5/10/2021,4188.430176,1,,
5/11/2021,4152.100098,1,,
5/12/2021,4063.040039,1,,
5/13/2021,4112.5,1,,
5/14/2021,4173.850098,1,,
5/17/2021,4163.290039,1,,
5/18/2021,4127.830078,1,,
5/19/2021,4115.680176,1,,
5/20/2021,4159.120117,0,,
5/21/2021,4155.859863,0,,
5/24/2021,4197.049805,0,,
5/25/2021,4188.129883,0,,
5/26/2021,4195.990234,0,,
5/27/2021,4200.879883,0,,
5/28/2021,4204.109863,0,,
6/1/2021,4202.040039,0,,
6/2/2021,4208.120117,0,,
6/3/2021,4192.850098,0,,
6/4/2021,4229.890137,0,,
6/7/2021,4226.52002,0,,
6/8/2021,4227.259766,0,,
6/9/2021,4219.549805,0,,
6/10/2021,4239.180176,0,,
6/11/2021,4247.439941,0,,
6/14/2021,4255.149902,0,,
6/15/2021,4246.589844,0,,
6/16/2021,4223.700195,0,,
6/17/2021,4221.859863,0,,
6/18/2021,4166.450195,0,,
6/21/2021,4224.790039,0,,
6/22/2021,4246.439941,0,,
6/23/2021,4241.839844,0,,
6/24/2021,4266.490234,0,,
6/25/2021,4280.700195,0,,
6/28/2021,4290.609863,0,,
6/29/2021,4291.799805,0,,
6/30/2021,4297.5,0,,
7/1/2021,4319.939941,0,,
7/2/2021,4352.339844,0,,
7/6/2021,4343.540039,0,,
7/7/2021,4358.129883,0,,
7/8/2021,4320.819824,0,,
7/9/2021,4369.549805,0,,
7/12/2021,4384.629883,0,,
7/13/2021,4369.209961,0,,
7/14/2021,4374.299805,0,,
7/15/2021,4360.029785,0,,
7/16/2021,4327.160156,0,,
7/19/2021,4258.490234,0,,
7/20/2021,4323.060059,0,,
7/21/2021,4358.689941,0,,
7/22/2021,4367.47998,0,,
7/23/2021,4411.790039,0,,
7/26/2021,4422.299805,0,,
7/27/2021,4401.459961,0,,
7/28/2021,4400.640137,0,,
7/29/2021,4419.149902,0,,
7/30/2021,4395.259766,0,,
8/2/2021,4387.160156,0,,
8/3/2021,4423.149902,0,,
8/4/2021,4402.660156,0,,
8/5/2021,4429.100098,0,,
8/6/2021,4436.52002,0,,
8/9/2021,4432.350098,0,,
8/10/2021,4436.75,0,,
8/11/2021,4442.410156,0,,
8/12/2021,4460.830078,0,,
8/13/2021,4468,0,,
8/16/2021,4479.709961,0,,
8/17/2021,4448.080078,0,,
8/18/2021,4400.27002,0,,
8/19/2021,4405.799805,0,,
8/20/2021,4441.669922,0,,
8/23/2021,4479.529785,0,,
8/24/2021,4486.22998,0,,
8/25/2021,4496.189941,0,,
8/26/2021,4470,0,,
8/27/2021,4509.370117,0,,
8/30/2021,4528.790039,0,,
8/31/2021,4522.680176,0,,
9/1/2021,4524.089844,0,,
9/2/2021,4536.950195,0,,
9/3/2021,4535.430176,0,,
9/7/2021,4520.029785,0,,
9/8/2021,4514.069824,0,,
9/9/2021,4493.279785,0,,
9/10/2021,4458.580078,0,,
9/13/2021,4468.72998,0,,
9/14/2021,4443.049805,0,,
9/15/2021,4480.700195,0,,
9/16/2021,4473.75,0,,
9/17/2021,4432.990234,0,,
9/20/2021,4357.72998,0,,
9/21/2021,4354.189941,0,,
9/22/2021,4395.640137,0,,
9/23/2021,4448.97998,0,,
9/24/2021,4455.47998,0,,
9/27/2021,4443.109863,0,,
9/28/2021,4352.629883,0,,
9/29/2021,4359.459961,0,,
9/30/2021,4307.540039,0,,
10/1/2021,4357.040039,0,,
10/4/2021,4300.459961,0,,
10/5/2021,4345.720215,0,,
10/6/2021,4363.549805,0,,
10/7/2021,4399.759766,0,,
10/8/2021,4391.339844,0,,
10/11/2021,4361.189941,0,,
10/12/2021,4350.649902,0,,
10/13/2021,4363.799805,0,,
10/14/2021,4438.259766,0,,
10/15/2021,4471.370117,0,,
10/18/2021,4486.459961,0,,
10/19/2021,4519.629883,0,,
10/20/2021,4536.189941,0,,
10/21/2021,4549.779785,0,,
10/22/2021,4544.899902,0,,
10/25/2021,4566.47998,0,,
10/26/2021,4574.790039,1,,
10/27/2021,4551.680176,1,,
10/28/2021,4596.419922,1,,
10/29/2021,4605.379883,1,,
11/1/2021,4613.669922,1,,
11/2/2021,4630.649902,1,,
11/3/2021,4660.569824,1,,
11/4/2021,4680.060059,1,,
11/5/2021,4697.529785,1,,
11/8/2021,4701.700195,1,,
11/9/2021,4685.25,1,,
11/10/2021,4646.709961,1,,
11/11/2021,4649.27002,1,,
11/12/2021,4682.850098,1,,
11/15/2021,4682.799805,1,,
11/16/2021,4700.899902,1,,
11/17/2021,4688.669922,1,,
11/18/2021,4704.540039,1,,
11/19/2021,4697.959961,1,,
11/22/2021,4682.939941,1,,
11/23/2021,4690.700195,1,,
11/24/2021,4701.459961,1,,
11/26/2021,4594.620117,1,,
11/29/2021,4655.27002,1,,
11/30/2021,4567,1,,
12/1/2021,4513.040039,1,,
12/2/2021,4577.100098,1,,
12/3/2021,4538.430176,1,,
12/6/2021,4591.669922,1,,
12/7/2021,4686.75,1,,
12/8/2021,4701.209961,1,,
12/9/2021,4667.450195,1,,
12/10/2021,4712.02002,1,,
12/13/2021,4668.970215,1,,
12/14/2021,4634.089844,0,,
12/15/2021,4709.850098,0,,
12/16/2021,4668.669922,0,,
12/17/2021,4620.640137,0,,
12/20/2021,4568.02002,0,,
12/21/2021,4649.22998,0,,
12/22/2021,4696.560059,0,,
12/23/2021,4725.790039,0,,
12/27/2021,4791.189941,0,,
12/28/2021,4786.350098,0,,
12/29/2021,4793.060059,0,,
12/30/2021,4778.72998,0,,
12/31/2021,4766.180176,0,,
1/3/2022,4796.560059,0,,
1/4/2022,4793.540039,0,,
1/5/2022,4700.580078,0,,
1/6/2022,4696.049805,0,,
1/7/2022,4677.029785,0,,
1/10/2022,4670.290039,0,,
1/11/2022,4713.069824,0,,
1/12/2022,4726.350098,0,,
1/13/2022,4659.029785,0,,
1/14/2022,4662.850098,0,,
1/18/2022,4577.109863,0,,
1/19/2022,4532.759766,0,,
1/20/2022,4482.72998,0,,
1/21/2022,4397.939941,0,,
1/24/2022,4410.129883,0,,
1/25/2022,4356.450195,0,,
1/26/2022,4349.930176,0,,
1/27/2022,4326.509766,0,,
1/28/2022,4431.850098,0,,
1/31/2022,4515.549805,0,,
2/1/2022,4546.540039,0,,
2/2/2022,4589.379883,-1,,
2/3/2022,4477.439941,-1,,
2/4/2022,4500.529785,-1,,
2/7/2022,4483.870117,-1,,
2/8/2022,4521.540039,-1,,
2/9/2022,4587.180176,-1,,
2/10/2022,4504.080078,-1,,
2/11/2022,4418.640137,-1,,
2/14/2022,4401.669922,-1,,
2/15/2022,4471.069824,-1,,
2/16/2022,4475.009766,-1,,
2/17/2022,4380.259766,-1,,
2/18/2022,4348.870117,-1,,
2/22/2022,4304.759766,-1,,
2/23/2022,4225.5,-1,,
2/24/2022,4288.700195,-1,,
2/25/2022,4384.649902,-1,,
2/28/2022,4373.939941,-1,,
3/1/2022,4306.259766,-1,,
3/2/2022,4386.540039,-1,,
3/3/2022,4363.490234,-1,,
3/4/2022,4328.870117,-1,,
3/7/2022,4201.089844,-1,,
3/8/2022,4170.700195,-1,,
3/9/2022,4277.879883,-1,,
3/10/2022,4259.52002,-1,,
3/11/2022,4204.310059,-1,,
3/14/2022,4173.109863,-1,,
3/15/2022,4262.450195,-1,,
3/16/2022,4357.859863,-1,,
3/17/2022,4411.669922,-1,,
3/18/2022,4463.120117,-1,,
3/21/2022,4461.180176,-1,,
3/22/2022,4511.609863,-1,,
3/23/2022,4456.240234,-1,,
3/24/2022,4520.160156,-1,,
3/25/2022,4543.060059,-1,,
3/28/2022,4575.52002,-1,,
3/29/2022,4631.600098,0,,
3/30/2022,4602.450195,0,,
3/31/2022,4530.410156,0,,
4/1/2022,4545.859863,0,,
4/4/2022,4582.640137,0,,
4/5/2022,4525.120117,0,,
4/6/2022,4481.149902,0,,
4/7/2022,4500.209961,0,,
4/8/2022,4488.279785,0,,
4/11/2022,4412.529785,0,,
4/12/2022,4397.450195,0,,
4/13/2022,4446.589844,0,,
4/14/2022,4392.589844,0,,
4/18/2022,4391.689941,0,,
4/19/2022,4462.209961,0,,
4/20/2022,4459.450195,0,,
4/21/2022,4393.660156,0,,
4/22/2022,4271.779785,0,,
4/25/2022,4296.120117,0,,
4/26/2022,4175.200195,0,,
4/27/2022,4183.959961,0,,
4/28/2022,4287.5,0,,
4/29/2022,4131.930176,0,,
5/2/2022,4155.379883,0,,
5/3/2022,4175.47998,0,,
5/4/2022,4300.169922,0,,
5/5/2022,4146.870117,0,,
5/6/2022,4123.339844,-1,,
5/9/2022,3991.23999,-1,,
5/10/2022,4001.050049,-1,,
5/11/2022,3935.179932,-1,,
5/12/2022,3930.080078,-1,,
5/13/2022,4023.889893,-1,,
5/16/2022,4008.01001,-1,,
5/17/2022,4088.850098,-1,,
5/18/2022,3923.679932,-1,,
5/19/2022,3900.790039,-1,,
5/20/2022,3901.360107,-1,,
5/23/2022,3973.75,-1,,
5/24/2022,3941.47998,-1,,
5/25/2022,3978.72998,-1,,
5/26/2022,4057.840088,-1,,
5/27/2022,4158.240234,-1,,
5/31/2022,4132.149902,-1,,
6/1/2022,4101.22998,-1,,
6/2/2022,4176.819824,-1,,
6/3/2022,4108.540039,-1,,
6/6/2022,4121.430176,-1,,
6/7/2022,4160.680176,-1,,
6/8/2022,4115.77002,-1,,
6/9/2022,4017.820068,-1,,
6/10/2022,3900.860107,-1,,
6/13/2022,3749.629883,-1,,
6/14/2022,3735.47998,-1,,
6/15/2022,3789.98999,-1,,
6/16/2022,3666.77002,-1,,
6/17/2022,3674.840088,-1,,
6/21/2022,3764.790039,-1,,
6/22/2022,3759.889893,-1,,
6/23/2022,3795.72998,-1,,
6/24/2022,3911.73999,-1,,
6/27/2022,3900.110107,-1,,
6/28/2022,3821.550049,-1,,
6/29/2022,3818.830078,-1,,
6/30/2022,3785.379883,-1,,
7/1/2022,3825.330078,-1,,
7/5/2022,3831.389893,-1,,
7/6/2022,3845.080078,-1,,
7/7/2022,3902.620117,-1,,
7/8/2022,3899.379883,-1,,
7/11/2022,3854.429932,-1,,
7/12/2022,3818.800049,-1,,
7/13/2022,3801.780029,-1,,
7/14/2022,3790.379883,-1,,
7/15/2022,3863.159912,-1,,
7/18/2022,3830.850098,-1,,
7/19/2022,3936.689941,-1,,
7/20/2022,3959.899902,-1,,
7/21/2022,3998.949951,0,,
7/22/2022,3961.629883,0,,
7/25/2022,3966.840088,0,,
7/26/2022,3921.050049,0,,
7/27/2022,4023.610107,0,,
7/28/2022,4072.429932,0,,
7/29/2022,4130.290039,0,,
8/1/2022,4118.629883,0,,
8/2/2022,4091.189941,0,,
8/3/2022,4155.169922,0,,
8/4/2022,4151.939941,0,,
8/5/2022,4145.189941,0,,
8/8/2022,4140.060059,0,,
8/9/2022,4122.470215,0,,
8/10/2022,4210.240234,0,,
8/11/2022,4207.27002,0,,
8/12/2022,4280.149902,0,,
8/15/2022,4297.140137,0,,
8/16/2022,4305.200195,0,,
8/17/2022,4274.040039,1,,
8/18/2022,4283.740234,1,,
8/19/2022,4228.47998,1,,
8/22/2022,4137.990234,1,,
8/23/2022,4128.72998,1,,
8/24/2022,4140.77002,1,,
8/25/2022,4199.120117,1,,
8/26/2022,4057.659912,1,,
8/29/2022,4030.610107,1,,
8/30/2022,3986.159912,1,,
8/31/2022,3955,1,,
9/1/2022,3966.850098,1,,
9/2/2022,3924.26001,1,,
9/6/2022,3908.189941,1,,
9/7/2022,3979.870117,0,,
9/8/2022,4006.179932,0,,
9/9/2022,4067.360107,0,,
9/12/2022,4110.410156,0,,
9/13/2022,3932.689941,0,,
9/14/2022,3946.01001,0,,
9/15/2022,3901.350098,0,,
9/16/2022,3873.330078,0,,
9/19/2022,3899.889893,0,,
9/20/2022,3855.929932,0,,
9/21/2022,3789.929932,0,,
9/22/2022,3757.98999,0,,
9/23/2022,3693.22998,0,,
9/26/2022,3655.040039,0,,
9/27/2022,3647.290039,-1,,
9/28/2022,3719.040039,-1,,
9/29/2022,3640.469971,-1,,
9/30/2022,3585.620117,-1,,
10/3/2022,3678.429932,-1,,
10/4/2022,3790.929932,-1,,
10/5/2022,3783.280029,-1,,
10/6/2022,3744.52002,-1,,
10/7/2022,3639.659912,-1,,
10/10/2022,3612.389893,-1,,
10/11/2022,3588.840088,-1,,
10/12/2022,3577.030029,-1,,
10/13/2022,3669.909912,-1,,
10/14/2022,3583.070068,-1,,
10/17/2022,3677.949951,-1,,
10/18/2022,3719.97998,-1,,
10/19/2022,3695.159912,-1,,
10/20/2022,3665.780029,-1,,
10/21/2022,3752.75,-1,,
10/24/2022,3797.340088,-1,,
10/25/2022,3859.110107,-1,,
10/26/2022,3830.600098,-1,,
10/27/2022,3807.300049,-1,,
10/28/2022,3901.060059,-1,,
10/31/2022,3871.97998,-1,,
11/1/2022,3856.100098,-1,,
11/2/2022,3759.689941,-1,,
11/3/2022,3719.889893,-1,,
11/4/2022,3770.550049,-1,,
11/7/2022,3806.800049,0,,
11/8/2022,3828.110107,0,,
11/9/2022,3748.570068,0,,
11/10/2022,3956.370117,0,,
11/11/2022,3992.929932,0,,
11/14/2022,3957.25,0,,
11/15/2022,3991.72998,0,,
11/16/2022,3958.790039,0,,
11/17/2022,3946.560059,0,,
11/18/2022,3965.340088,0,,
11/21/2022,3949.939941,0,,
11/22/2022,4003.580078,0,,
11/23/2022,4027.26001,0,,
11/25/2022,4026.120117,0,,
11/28/2022,3963.939941,0,,
11/29/2022,3957.629883,0,,
11/30/2022,4080.110107,0,,
12/1/2022,4076.570068,0,,
12/2/2022,4071.699951,0,,
12/5/2022,3998.840088,0,,
12/6/2022,3941.26001,0,,
12/7/2022,3933.919922,0,,
12/8/2022,3963.51001,0,,
12/9/2022,3934.379883,0,,
12/12/2022,3990.560059,0,,
12/13/2022,4019.649902,0,,
12/14/2022,3995.320068,0,,
12/15/2022,3895.75,0,,
12/16/2022,3852.360107,0,,
12/19/2022,3817.659912,0,,
12/20/2022,3821.620117,0,,
12/21/2022,3878.439941,0,,
12/22/2022,3822.389893,0,,
12/23/2022,3844.820068,0,,
12/27/2022,3829.25,0,,
12/28/2022,3783.219971,0,,
12/29/2022,3849.280029,0,,
12/30/2022,3839.5,0,,
1/3/2023,3824.139893,0,,
1/4/2023,3852.969971,0,,
1/5/2023,3808.100098,0,,
1/6/2023,3895.080078,0,,
1/9/2023,3892.090088,0,,
1/10/2023,3919.25,0,,
1/11/2023,3969.610107,0,,
1/12/2023,3983.169922,0,,
1/13/2023,3999.090088,0,,
1/17/2023,3990.969971,0,,
1/18/2023,3928.860107,0,,
1/19/2023,3898.850098,0,,
1/20/2023,3972.610107,0,,
1/23/2023,4019.810059,0,,
1/24/2023,4016.949951,0,,
1/25/2023,4016.219971,0,,
1/26/2023,4060.429932,0,,
1/27/2023,4070.560059,0,,
1/30/2023,4017.77002,0,,
1/31/2023,4076.600098,0,,
2/1/2023,4119.209961,0,,
2/2/2023,4179.759766,0,,
2/3/2023,4136.47998,0,,
2/6/2023,4111.080078,0,,
2/7/2023,4164,0,,
2/8/2023,4117.859863,0,,
2/9/2023,4081.5,0,,
2/10/2023,4090.459961,0,,
2/13/2023,4137.290039,0,,
2/14/2023,4136.129883,1,,
2/15/2023,4147.600098,1,,
2/16/2023,4090.409912,1,,
2/17/2023,4079.090088,1,,
2/21/2023,3997.340088,1,,
2/22/2023,3991.050049,1,,
2/23/2023,4012.320068,1,,
2/24/2023,3970.040039,1,,
2/27/2023,3982.23999,1,,
2/28/2023,3970.149902,1,,
3/1/2023,3951.389893,1,,
3/2/2023,3981.350098,0,,
3/3/2023,4045.639893,0,,
3/6/2023,4048.419922,0,,
3/7/2023,3986.370117,0,,
3/8/2023,3992.01001,0,,
3/9/2023,3918.320068,0,,
3/10/2023,3861.590088,0,,
3/13/2023,3855.76001,0,,
3/14/2023,3919.290039,0,,
3/15/2023,3891.929932,0,,
3/16/2023,3960.280029,0,,
3/17/2023,3916.639893,0,,
3/20/2023,3951.570068,0,,
3/21/2023,4002.870117,0,,
3/22/2023,3936.969971,0,,
3/23/2023,3948.719971,0,,
3/24/2023,3970.98999,0,,
3/27/2023,3977.530029,0,,
3/28/2023,3971.27002,0,,
3/29/2023,4027.810059,0,,
3/30/2023,4050.830078,0,,
3/31/2023,4109.310059,0,,
4/3/2023,4124.509766,0,,
4/4/2023,4100.600098,0,,
4/5/2023,4090.379883,0,,
4/6/2023,4105.02002,0,,
4/10/2023,4109.109863,0,,
4/11/2023,4108.939941,0,,
4/12/2023,4091.949951,0,,
4/13/2023,4146.220215,0,,
4/14/2023,4137.640137,0,,
4/17/2023,4151.319824,0,,
4/18/2023,4154.870117,0,,
4/19/2023,4154.52002,0,,
4/20/2023,4129.790039,0,,
4/21/2023,4133.52002,0,,
4/24/2023,4137.040039,0,,
4/25/2023,4071.629883,0,,
4/26/2023,4055.98999,0,,
4/27/2023,4135.350098,0,,
4/28/2023,4169.47998,0,,
5/1/2023,4167.870117,0,,
5/2/2023,4119.580078,0,,
5/3/2023,4090.75,0,,
5/4/2023,4061.219971,0,,
5/5/2023,4136.25,0,,
5/8/2023,4138.120117,0,,
5/9/2023,4119.169922,0,,
5/10/2023,4137.640137,0,,
5/11/2023,4130.620117,0,,
5/12/2023,4124.080078,0,,
5/15/2023,4136.279785,0,,
5/16/2023,4109.899902,0,,
5/17/2023,4158.77002,0,,
5/18/2023,4198.049805,0,,
5/19/2023,4191.97998,0,,
5/22/2023,4192.629883,0,,
5/23/2023,4145.580078,0,,
5/24/2023,4115.240234,0,,
5/25/2023,4151.279785,0,,
5/26/2023,4205.450195,0,,
5/30/2023,4205.52002,0,,
5/31/2023,4179.830078,0,,
6/1/2023,4221.02002,0,,
6/2/2023,4282.370117,0,,
6/5/2023,4273.790039,0,,
6/6/2023,4283.850098,0,,
6/7/2023,4267.52002,0,,
6/8/2023,4293.930176,0,,
6/9/2023,4298.859863,0,,
6/12/2023,4338.930176,0,,
6/13/2023,4369.009766,0,,
6/14/2023,4372.589844,1,,
6/15/2023,4425.839844,1,,
6/16/2023,4409.589844,1,,
6/20/2023,4388.709961,1,,
6/21/2023,4365.689941,1,,
6/22/2023,4381.890137,1,,
6/23/2023,4348.330078,1,,
6/26/2023,4328.819824,1,,
6/27/2023,4378.410156,1,,
6/28/2023,4376.859863,1,,
6/29/2023,4396.439941,1,,
6/30/2023,4450.379883,1,,
7/3/2023,4455.589844,1,,
7/5/2023,4446.819824,1,,
7/6/2023,4411.589844,1,,
7/7/2023,4398.950195,1,,
7/10/2023,4409.529785,1,,
7/11/2023,4439.259766,1,,
7/12/2023,4472.160156,1,,
7/13/2023,4510.040039,1,,
7/14/2023,4505.419922,1,,
7/17/2023,4522.790039,1,,
7/18/2023,4554.97998,1,,
7/19/2023,4565.720215,1,,
7/20/2023,4534.870117,1,,
7/21/2023,4536.339844,1,,
7/24/2023,4554.640137,1,,
7/25/2023,4567.459961,1,,
7/26/2023,4566.75,1,,
7/27/2023,4537.410156,1,,
7/28/2023,4582.22998,1,,
7/31/2023,4588.959961,1,,
8/1/2023,4576.72998,1,,
8/2/2023,4513.390137,1,,
8/3/2023,4501.890137,1,,
8/4/2023,4478.029785,1,,
8/7/2023,4518.439941,1,,
8/8/2023,4499.379883,1,,
8/9/2023,4467.709961,1,,
8/10/2023,4468.830078,1,,
8/11/2023,4464.049805,1,,
8/14/2023,4489.720215,1,,
8/15/2023,4437.859863,1,,
8/16/2023,4404.330078,1,,
8/17/2023,4370.359863,1,,
8/18/2023,4369.709961,1,,
8/21/2023,4399.77002,1,,
8/22/2023,4387.549805,0,,
8/23/2023,4436.009766,0,,
8/24/2023,4376.310059,0,,
8/25/2023,4405.709961,0,,
8/28/2023,4433.310059,0,,
8/29/2023,4497.629883,0,,
8/30/2023,4514.870117,0,,
8/31/2023,4507.660156,0,,
9/1/2023,4515.77002,0,,
9/5/2023,4496.830078,0,,
9/6/2023,4465.47998,0,,
9/7/2023,4451.140137,0,,
9/8/2023,4457.490234,0,,
9/11/2023,4487.459961,0,,
9/12/2023,4461.899902,0,,
9/13/2023,4467.439941,0,,
9/14/2023,4505.100098,0,,
9/15/2023,4450.319824,0,,
9/18/2023,4453.529785,0,,
9/19/2023,4443.950195,0,,
9/20/2023,4402.200195,0,,
9/21/2023,4330,0,,
9/22/2023,4320.060059,0,,
9/25/2023,4337.439941,0,,
9/26/2023,4273.529785,0,,
9/27/2023,4274.509766,0,,
9/28/2023,4299.700195,0,,
9/29/2023,4288.049805,0,,
10/2/2023,4288.390137,0,,
10/3/2023,4229.450195,0,,
10/4/2023,4263.75,0,,
10/5/2023,4258.189941,0,,
10/6/2023,4308.5,-1,,
10/9/2023,4335.660156,-1,,
10/10/2023,4358.240234,-1,,
10/11/2023,4376.950195,-1,,
10/12/2023,4349.609863,-1,,
10/13/2023,4327.779785,-1,,
10/16/2023,4373.629883,-1,,
10/17/2023,4373.200195,-1,,
10/18/2023,4314.600098,-1,,
10/19/2023,4278,-1,,
10/20/2023,4224.160156,-1,,
10/23/2023,4217.040039,-1,,
10/24/2023,4247.680176,-1,,
10/25/2023,4186.77002,-1,,
10/26/2023,4137.22998,-1,,
10/27/2023,4117.370117,-1,,
10/30/2023,4166.819824,-1,,
10/31/2023,4193.799805,-1,,
11/1/2023,4237.859863,-1,,
11/2/2023,4317.779785,-1,,
11/3/2023,4358.339844,-1,,
11/6/2023,4365.97998,-1,,
11/7/2023,4378.379883,-1,,
11/8/2023,4382.779785,-1,,
11/9/2023,4347.350098,-1,,
11/10/2023,4415.240234,-1,,
11/13/2023,4411.549805,-1,,
11/14/2023,4495.700195,0,,
11/15/2023,4502.879883,0,,
11/16/2023,4508.240234,0,,
11/17/2023,4514.02002,0,,
11/20/2023,4547.379883,0,,
11/21/2023,4538.189941,0,,
11/22/2023,4556.620117,0,,
11/24/2023,4559.339844,0,,
11/27/2023,4550.430176,1,,
11/28/2023,4554.890137,1,,
11/29/2023,4550.580078,1,,
11/30/2023,4567.799805,1,,
12/1/2023,4594.629883,1,,
12/4/2023,4569.779785,1,,
12/5/2023,4567.180176,1,,
12/6/2023,4549.339844,1,,
12/7/2023,4585.589844,1,,
12/8/2023,4604.370117,1,,
12/11/2023,4622.439941,1,,
12/12/2023,4643.700195,1,,
12/13/2023,4707.089844,1,,
12/14/2023,4719.549805,1,,
12/15/2023,4719.189941,1,,
12/18/2023,4740.560059,1,,
12/19/2023,4768.370117,1,,
12/20/2023,4698.350098,1,,
12/21/2023,4746.75,1,,
12/22/2023,4754.629883,1,,
12/26/2023,4774.75,1,,
12/27/2023,4781.580078,1,,
12/28/2023,4783.350098,1,,
12/29/2023,4769.830078,1,,
1/2/2024,4742.830078,1,,
1/3/2024,4704.810059,1,,
1/4/2024,4688.680176,1,,
1/5/2024,4697.240234,1,,
1/8/2024,4763.540039,1,,
1/9/2024,4756.5,1,,
1/10/2024,4783.450195,1,,
1/11/2024,4780.240234,1,,
1/12/2024,4783.830078,1,,
1/16/2024,4765.97998,1,,
1/17/2024,4739.209961,1,,
1/18/2024,4780.939941,1,,
1/19/2024,4839.810059,1,,
1/22/2024,4850.430176,1,,
1/23/2024,4864.600098,1,,
1/24/2024,4868.549805,1,,
1/25/2024,4894.160156,1,,
1/26/2024,4890.970215,1,,
1/29/2024,4927.930176,1,,
1/30/2024,4924.970215,1,,
1/31/2024,4845.649902,1,,
2/1/2024,4906.189941,1,,
2/2/2024,4958.609863,1,,
2/5/2024,4942.810059,1,,
2/6/2024,4954.22998,1,,
2/7/2024,4995.060059,1,,
2/8/2024,4997.910156,1,,
2/9/2024,5026.609863,1,,
2/12/2024,5021.839844,1,,
2/13/2024,4953.169922,1,,
2/14/2024,5000.620117,1,,
2/15/2024,5029.72998,1,,
2/16/2024,5005.569824,1,,
2/20/2024,4975.509766,1,,
2/21/2024,4981.799805,1,,
2/22/2024,5087.029785,1,,
2/23/2024,5088.799805,1,,
2/26/2024,5069.529785,1,,
2/27/2024,5078.180176,1,,
2/28/2024,5069.759766,1,,
2/29/2024,5096.27002,1,,
3/1/2024,5137.080078,1,,
3/4/2024,5130.950195,1,,
3/5/2024,5078.649902,1,,
3/6/2024,5104.759766,1,,
3/7/2024,5157.359863,1,,
3/8/2024,5123.689941,1,,
3/11/2024,5117.939941,1,,
3/12/2024,5175.27002,1,,
3/13/2024,5165.310059,1,,
3/14/2024,5150.47998,1,,
3/15/2024,5117.089844,1,,
3/18/2024,5149.419922,1,,
3/19/2024,5178.509766,1,,
3/20/2024,5224.620117,1,,
3/21/2024,5241.529785,1,,
3/22/2024,5234.180176,1,,
3/25/2024,5218.189941,1,,
3/26/2024,5203.580078,1,,
3/27/2024,5248.490234,1,,
3/28/2024,5254.350098,1,,
4/1/2024,5243.77002,1,,
4/2/2024,5205.810059,1,,
4/3/2024,5211.490234,1,,
4/4/2024,5147.209961,1,,
4/5/2024,5204.339844,1,,
4/8/2024,5202.390137,1,,
4/9/2024,5209.910156,1,,
4/10/2024,5160.640137,1,,
4/11/2024,5199.060059,1,,
4/12/2024,5123.410156,1,,
4/15/2024,5061.819824,0,,
4/16/2024,5051.410156,0,,
4/17/2024,5022.209961,0,,
4/18/2024,5011.120117,0,,
4/19/2024,4967.22998,0,,
4/22/2024,5010.600098,0,,
4/23/2024,5070.549805,0,,
4/24/2024,5071.629883,0,,
4/25/2024,5048.419922,0,,
4/26/2024,5099.959961,0,,
4/29/2024,5116.169922,0,,
4/30/2024,5035.689941,0,,
5/1/2024,5018.390137,0,,
5/2/2024,5064.200195,0,,
5/3/2024,5127.790039,0,,
5/6/2024,5180.740234,0,,
5/7/2024,5187.700195,0,,
5/8/2024,5187.669922,0,,
5/9/2024,5214.080078,0,,
5/10/2024,5222.680176,0,,
5/13/2024,5221.419922,0,,
5/14/2024,5246.680176,0,,
5/15/2024,5308.149902,0,,
5/16/2024,5297.100098,0,,
5/17/2024,5303.27002,0,,
5/20/2024,5308.129883,0,,
5/21/2024,5321.410156,0,,
5/22/2024,5307.009766,0,,
5/23/2024,5267.839844,0,,
5/24/2024,5304.720215,1,,
5/28/2024,5306.040039,1,,
5/29/2024,5266.950195,1,,
5/30/2024,5235.47998,1,,
5/31/2024,5277.509766,1,,
6/3/2024,5283.399902,1,,
6/4/2024,5291.339844,1,,
6/5/2024,5354.029785,1,,
6/6/2024,5352.959961,1,,
6/7/2024,5346.990234,1,,
6/10/2024,5360.790039,0,,
6/11/2024,5375.319824,0,,
6/12/2024,5421.029785,0,,
6/13/2024,5433.740234,0,,
6/14/2024,5431.600098,0,,
6/17/2024,5473.22998,0,,
6/18/2024,5487.029785,0,,
6/20/2024,5473.169922,0,,
6/21/2024,5464.620117,0,,
6/24/2024,5447.870117,0,,
6/25/2024,5469.299805,0,,
6/26/2024,5477.899902,1,,
6/27/2024,5482.870117,1,,
6/28/2024,5460.47998,1,,
7/1/2024,5475.089844,1,,
7/2/2024,5509.009766,1,,
7/3/2024,5537.02002,1,,
7/5/2024,5567.189941,1,,
7/8/2024,5572.850098,1,,
7/9/2024,5576.97998,1,,
7/10/2024,5633.910156,1,,
7/11/2024,5584.540039,1,,
7/12/2024,5615.350098,1,,
7/15/2024,5631.220215,1,,
7/16/2024,5667.200195,1,,
7/17/2024,5588.27002,1,,
7/18/2024,5544.589844,1,,
7/19/2024,5505,1,,
7/22/2024,5564.410156,1,,
7/23/2024,5555.740234,1,,
7/24/2024,5427.129883,1,,
7/25/2024,5399.220215,1,,
7/26/2024,5459.100098,1,,
7/29/2024,5463.540039,1,,
7/30/2024,5436.439941,1,,
7/31/2024,5522.299805,1,,
8/1/2024,5446.680176,1,,
8/2/2024,5346.560059,0,,
8/5/2024,5186.330078,0,,
8/6/2024,5240.029785,0,,
8/7/2024,5199.5,0,,
8/8/2024,5319.310059,0,,
8/9/2024,5344.160156,0,,
8/12/2024,5344.390137,0,,
8/13/2024,5434.430176,0,,
8/14/2024,5455.209961,0,,
8/15/2024,5543.220215,0,,
8/16/2024,5554.25,0,,
8/19/2024,5608.25,0,,
8/20/2024,5597.120117,0,,
8/21/2024,5620.850098,0,,
8/22/2024,5570.640137,0,,
8/23/2024,5634.609863,0,,
8/26/2024,5616.839844,1,,
8/27/2024,5625.799805,1,,
8/28/2024,5592.180176,1,,
8/29/2024,5591.959961,1,,
8/30/2024,5648.399902,1,,
9/3/2024,5528.930176,1,,
9/4/2024,5520.069824,1,,
9/5/2024,5503.410156,1,,
9/6/2024,5408.419922,1,,
9/9/2024,5471.049805,1,,
9/10/2024,5495.52002,1,,
9/11/2024,5554.129883,0,,
9/12/2024,5595.759766,0,,
9/13/2024,5626.02002,0,,
9/16/2024,5633.089844,0,,
9/17/2024,5634.580078,0,,
9/18/2024,5618.259766,0,,
9/19/2024,5713.640137,0,,
9/20/2024,5702.549805,0,,
9/23/2024,5718.569824,0,,
9/24/2024,5732.930176,0,,
9/25/2024,5722.259766,0,,
9/26/2024,5745.370117,0,,
9/27/2024,5738.169922,0,,
9/30/2024,5762.47998,0,,
10/1/2024,5708.75,0,,
10/2/2024,5709.540039,0,,
10/3/2024,5699.939941,0,,
10/4/2024,5751.069824,1,,
10/7/2024,5695.939941,1,,
10/8/2024,5751.129883,1,,
10/9/2024,5792.040039,1,,
10/10/2024,5780.049805,1,,
10/11/2024,5815.029785,1,,
10/14/2024,5859.850098,1,,
10/15/2024,5815.259766,1,,
10/16/2024,5842.470215,1,,
10/17/2024,5841.470215,1,,
10/18/2024,5864.669922,1,,
10/21/2024,5853.97998,1,,
10/22/2024,5851.200195,1,,
10/23/2024,5797.419922,1,,
10/24/2024,5809.859863,1,,
10/25/2024,5808.120117,1,,
10/28/2024,5823.52002,1,,
10/29/2024,5832.919922,1,,
10/30/2024,5813.669922,1,,
10/31/2024,5705.450195,1,,
11/1/2024,5728.799805,1,,
11/4/2024,5712.689941,1,,
11/5/2024,5782.759766,1,,
11/6/2024,5929.040039,1,,
11/7/2024,5973.100098,1,,
11/8/2024,5995.540039,1,,
11/11/2024,6001.350098,1,,
11/12/2024,5983.990234,1,,
11/13/2024,5985.379883,1,,
11/14/2024,5949.169922,1,,
11/15/2024,5870.620117,1,,
11/18/2024,5893.620117,1,,
11/19/2024,5916.97998,1,,
11/20/2024,5917.109863,1,,
11/21/2024,5948.709961,1,,
11/22/2024,5969.339844,1,,
11/25/2024,5987.370117,1,,
11/26/2024,6021.629883,1,,
11/27/2024,5998.740234,0,,
11/29/2024,6032.379883,0,,
12/2/2024,6047.149902,0,,
12/3/2024,6049.879883,0,,
12/4/2024,6086.490234,0,,
12/5/2024,6075.109863,0,,
12/6/2024,6090.27002,0,,
12/9/2024,6052.850098,0,,
12/10/2024,6034.910156,1,,
12/11/2024,6084.189941,1,,
12/12/2024,6051.25,1,,
12/13/2024,6051.089844,1,,
12/16/2024,6074.080078,1,,
12/17/2024,6050.609863,1,,
12/18/2024,5872.160156,1,,
12/19/2024,5867.080078,1,,
12/20/2024,5930.850098,1,,
12/23/2024,5974.069824,1,,
12/24/2024,6040.040039,1,,
12/26/2024,6037.589844,1,,
12/27/2024,5970.839844,1,,
12/30/2024,5906.939941,0,,
12/31/2024,5881.629883,0,,
1/2/2025,5868.549805,0,,
1/3/2025,5942.470215,0,,
1/6/2025,5975.379883,0,,
1/7/2025,5909.029785,0,,
1/8/2025,5918.25,0,,
1/10/2025,5827.040039,0,,
1/13/2025,5836.220215,0,,
1/14/2025,5842.910156,0,,
1/15/2025,5949.910156,0,,
1/16/2025,5937.339844,0,,
1/17/2025,5996.660156,0,,
1/21/2025,6049.240234,0,,
1/22/2025,6086.370117,0,,
1/23/2025,6118.709961,0,,
1/24/2025,6101.240234,0,,
1/27/2025,6012.279785,0,,
1/28/2025,6067.700195,0,,
1/29/2025,6039.310059,0,,
1/30/2025,6071.169922,0,,
1/31/2025,6040.529785,0,,
2/3/2025,5994.569824,0,,
2/4/2025,6037.879883,0,,
2/5/2025,6061.47998,0,,
2/6/2025,6083.569824,0,,
2/7/2025,6025.990234,0,,
2/10/2025,6066.439941,0,,
2/11/2025,6068.5,0,,
2/12/2025,6051.970215,0,,
2/13/2025,6115.069824,0,,
2/14/2025,6114.629883,0,,
2/18/2025,6129.580078,0,,
2/19/2025,6144.149902,0,,
2/20/2025,6117.52002,0,,
2/21/2025,6013.129883,0,,
2/24/2025,5983.25,0,,
2/25/2025,5955.25,0,,
2/26/2025,5956.060059,0,,
2/27/2025,5861.569824,0,,
2/28/2025,5954.5,0,,
3/3/2025,5849.720215,0,,
3/4/2025,5778.149902,0,,
3/5/2025,5842.629883,0,,
3/6/2025,5738.52002,0,,
3/7/2025,5770.200195,0,,
3/10/2025,5614.560059,0,,
3/11/2025,5572.069824,0,,
3/12/2025,5599.299805,0,,
3/13/2025,5521.52002,0,,
3/14/2025,5638.939941,-1,,
3/17/2025,5675.120117,-1,,
3/18/2025,5614.660156,-1,,
3/19/2025,5675.290039,-1,,
3/20/2025,5662.890137,-1,,
3/21/2025,5667.560059,-1,,
3/24/2025,5767.569824,-1,,
3/25/2025,5776.649902,-1,,
3/26/2025,5712.200195,-1,,
3/27/2025,5693.310059,-1,,
3/28/2025,5580.939941,-1,,
3/31/2025,5611.850098,-1,,
4/1/2025,5633.069824,-1,,
4/2/2025,5670.970215,-1,,
4/3/2025,5396.52002,-1,,
4/4/2025,5074.080078,-1,,
4/7/2025,5062.25,-1,,
4/8/2025,4982.77002,-1,,
4/9/2025,5456.899902,-1,,
4/10/2025,5268.049805,-1,,
4/11/2025,5363.359863,-1,,
4/14/2025,5405.970215,-1,,
4/15/2025,5396.629883,-1,,
4/16/2025,5275.700195,-1,,
4/17/2025,5282.700195,-1,,
4/21/2025,5158.200195,-1,,
4/22/2025,5287.759766,-1,,
4/23/2025,5375.859863,-1,,
4/24/2025,5484.77002,-1,,
4/25/2025,5525.209961,-1,,
4/28/2025,5528.75,-1,,
4/29/2025,5560.830078,-1,,
4/30/2025,5569.060059,-1,,
5/1/2025,5604.140137,-1,,
5/2/2025,5686.669922,-1,,
5/5/2025,5650.379883,-1,,
5/6/2025,5606.910156,-1,,
5/7/2025,5631.279785,-1,,
5/8/2025,5663.939941,-1,,
5/9/2025,5659.910156,-1,,
5/12/2025,5844.189941,-1,,
5/13/2025,5886.549805,-1,,
5/14/2025,5892.580078,-1,,
5/15/2025,5916.930176,-1,,
5/16/2025,5958.379883,0,,
5/19/2025,5963.600098,0,,
5/20/2025,5940.459961,0,,
5/21/2025,5844.609863,0,,
5/22/2025,5842.009766,0,,
5/23/2025,5802.819824,0,,
5/27/2025,5921.540039,0,,
5/28/2025,5888.549805,0,,
5/29/2025,5912.169922,0,,
5/30/2025,5911.689941,0,,
6/2/2025,5935.939941,0,,
6/3/2025,5970.370117,0,,
6/4/2025,5970.810059,0,,
6/5/2025,5939.299805,0,,
6/6/2025,6000.359863,0,,
6/9/2025,6005.879883,0,,
6/10/2025,6038.810059,0,,
6/11/2025,6022.240234,0,,
6/12/2025,6045.259766,0,,
6/13/2025,5976.970215,0,,
6/16/2025,6033.109863,0,,
6/17/2025,5982.720215,0,,
6/18/2025,5980.870117,0,,
6/20/2025,5967.839844,0,,
6/23/2025,6025.169922,0,,
6/24/2025,6092.180176,0,,
6/25/2025,6092.160156,0,,
6/26/2025,6141.02002,0,,
6/27/2025,6173.069824,0,,
6/30/2025,6204.950195,0,,
7/1/2025,6198.009766,0,,
7/2/2025,6227.419922,0,,
7/3/2025,6279.350098,0,,
7/7/2025,6229.97998,0,,
7/8/2025,6225.52002,0,,
7/9/2025,6263.259766,0,,
7/10/2025,6280.459961,0,,
7/11/2025,6259.75,1,,
7/14/2025,6268.560059,1,,
7/15/2025,6243.759766,1,,
7/16/2025,6263.700195,1,,
7/17/2025,6297.359863,1,,
7/18/2025,6296.790039,1,,
7/21/2025,6305.600098,1,,
7/22/2025,6309.620117,1,,
7/23/2025,6358.910156,1,,
7/24/2025,6363.350098,1,,
7/25/2025,6388.640137,1,,
7/28/2025,6389.77002,1,,
7/29/2025,6370.859863,1,,
7/30/2025,6362.899902,1,,
7/31/2025,6339.390137,1,,
8/1/2025,6238.009766,1,,
8/4/2025,6329.939941,1,,
8/5/2025,6299.189941,1,,
8/6/2025,6345.060059,1,,
8/7/2025,6340,1,,
8/8/2025,6389.450195,1,,
8/11/2025,6373.450195,1,,
8/12/2025,6445.759766,1,,
8/13/2025,6466.580078,1,,
8/14/2025,6468.540039,1,,
8/15/2025,6449.799805,1,,
8/18/2025,6449.149902,1,,
8/19/2025,6411.370117,1,,
8/20/2025,6395.779785,1,,
8/21/2025,6370.169922,1,,
8/22/2025,6466.910156,1,,
8/25/2025,6439.319824,1,,
8/26/2025,6465.939941,1,,
8/27/2025,6481.399902,1,,
8/28/2025,6501.859863,1,,
8/29/2025,6460.259766,1,,
9/2/2025,6415.540039,1,,
9/3/2025,6448.259766,1,,
9/4/2025,6502.080078,1,,
9/5/2025,6481.5,1,,
9/8/2025,6495.149902,1,,
9/9/2025,6512.609863,1,,
9/10/2025,6532.040039,1,,
9/11/2025,6587.470215,1,,
9/12/2025,6584.290039,1,,
9/15/2025,6615.279785,1,,
9/16/2025,6606.759766,1,,
9/17/2025,6600.350098,1,,
9/18/2025,6631.959961,1,,
9/19/2025,6664.359863,1,,
9/22/2025,6693.75,1,,
9/23/2025,6656.919922,1,,
9/24/2025,6637.970215,1,,
9/25/2025,6604.720215,1,,
9/26/2025,6643.700195,1,,
9/29/2025,6661.209961,1,,
9/30/2025,6688.459961,1,,
10/1/2025,6711.200195,1,,
10/2/2025,6715.350098,1,,
10/3/2025,6715.790039,1,,
10/6/2025,6740.279785,1,,
10/7/2025,6714.589844,1,,
10/8/2025,6753.720215,1,,
10/9/2025,6735.109863,1,,
10/10/2025,6552.509766,1,,
10/13/2025,6654.720215,1,,
10/14/2025,6644.310059,1,,
10/15/2025,6671.060059,1,,
10/16/2025,6629.069824,1,,
10/17/2025,6664.009766,1,,
10/20/2025,6735.129883,1,,
10/21/2025,6735.350098,0,,
10/22/2025,6699.399902,0,,
10/23/2025,6738.439941,0,,
10/24/2025,6791.689941,0,,
10/27/2025,6875.160156,0,,
10/28/2025,6890.890137,0,,
10/29/2025,6890.589844,0,,
10/30/2025,6822.339844,0,,
10/31/2025,6840.200195,0,,
11/3/2025,6851.970215,0,,
11/4/2025,6771.549805,0,,
11/5/2025,6796.290039,0,,
11/6/2025,6720.319824,0,,
11/7/2025,6728.799805,0,,
11/10/2025,6832.430176,0,,
11/11/2025,6846.609863,0,,
11/12/2025,6850.919922,0,,
11/13/2025,6737.490234,0,,
11/14/2025,6734.109863,0,,
11/17/2025,6672.410156,0,,
11/18/2025,6617.319824,0,,
11/19/2025,6642.160156,0,,
11/20/2025,6538.759766,0,,
11/21/2025,6602.990234,0,,
11/24/2025,6705.120117,0,,
11/25/2025,6765.879883,0,,
11/26/2025,6812.609863,0,,
11/28/2025,6849.089844,0,,
12/1/2025,6812.629883,0,,
12/2/2025,6829.370117,0,,
12/3/2025,6849.720215,0,,
12/4/2025,6857.120117,0,,
12/5/2025,6870.399902,0,,
12/8/2025,6846.509766,0,,
12/9/2025,6840.509766,0,,
12/10/2025,6886.680176,0,,
12/11/2025,6901,0,,
12/12/2025,6827.410156,0,,
12/15/2025,6816.509766,0,,
12/16/2025,6800.259766,0,,
12/17/2025,6721.430176,0,,
12/18/2025,6774.759766,0,,
12/19/2025,6834.5,0,,
12/22/2025,6878.490234,0,,
12/23/2025,6909.790039,0,,
12/24/2025,6932.049805,0,,
12/26/2025,6929.939941,0,,
12/29/2025,6905.740234,0,,
12/30/2025,6896.240234,0,,
12/31/2025,6845.5,0,,
1/2/2026,6858.470215,0,,
1/5/2026,6902.049805,0,,
1/6/2026,6944.819824,0,,
1/7/2026,6920.930176,0,,
1/8/2026,6921.459961,0,,
1/9/2026,6966.279785,0,,
1/12/2026,6977.27002,0,,
1/13/2026,6963.740234,0,,
1/14/2026,6926.600098,0,,
1/15/2026,6944.470215,0,,
1/16/2026,6940.009766,0,,
1/20/2026,6796.859863,0,,
1/21/2026,6875.620117,0,,
1/22/2026,6913.350098,0,,
1/23/2026,6915.609863,0,,
1/26/2026,6950.22998,0,,
1/27/2026,6978.600098,0,,
1/28/2026,6978.029785,0,,
1/29/2026,6969.009766,0,,
1/30/2026,6939.029785,0,,
2/2/2026,6976.439941,0,,
2/3/2026,6917.810059,0,,
2/4/2026,6882.720215,0,,
2/5/2026,6798.399902,0,,
2/6/2026,6932.299805,0,,
2/9/2026,6964.819824,0,,
2/10/2026,6941.810059,0,,
2/11/2026,6941.470215,0,,
2/12/2026,6832.759766,0,,
2/13/2026,6836.169922,0,,
2/17/2026,6843.220215,0,,
2/18/2026,6881.310059,0,,
2/19/2026,6861.890137,0,,
2/20/2026,6909.509766,0,,
2/23/2026,6837.75,0,,
2/24/2026,6890.069824,0,,
2/25/2026,6946.129883,0,,
2/26/2026,6908.859863,0,,
2/27/2026,6878.879883,0,,
3/2/2026,6881.620117,0,,
3/3/2026,6816.629883,0,,
3/4/2026,6869.5,0,,
3/5/2026,6830.709961,0,,
3/6/2026,6740.02002,0,,
,,,,
